rowid,kepid,kepoi_name,kepler_name,koi_disposition,koi_pdisposition,koi_score,koi_fpflag_nt,koi_fpflag_ss,koi_fpflag_co,koi_fpflag_ec,koi_period,koi_period_err1,koi_period_err2,koi_time0bk,koi_time0bk_err1,koi_time0bk_err2,koi_impact,koi_impact_err1,koi_impact_err2,koi_duration,koi_duration_err1,koi_duration_err2,koi_depth,koi_depth_err1,koi_depth_err2,koi_prad,koi_prad_err1,koi_prad_err2,koi_teq,koi_insol,koi_insol_err1,koi_insol_err2,koi_model_snr,koi_tce_plnt_num,koi_tce_delivname,koi_steff,koi_steff_err1,koi_steff_err2,koi_slogg,koi_slogg_err1,koi_slogg_err2,koi_srad,koi_srad_err1,koi_srad_err2,ra,dec,koi_kepmag,koi_period_outlier,koi_duration_outlier,koi_depth_outlier,koi_prad_outlier,koi_teq_outlier,koi_insol_outlier,koi_model_snr_outlier,koi_steff_outlier,koi_slogg_outlier,koi_srad_outlier,koi_kepmag_outlier,outlier_flag,predicted_confirmed_probability,priority,catalog_fp_flag_count,eb_indicator,contamination_indicator,artifact_indicator,fp_screening_score,fp_risk
846,8804283,K01276.01,Kepler-1 b,CANDIDATE,CANDIDATE,1.0,0,0,0,0,22.79020351,6.878e-05,-6.878e-05,138.68515,0.00257,-0.00257,0.036,0.415,-0.036,5.0394,0.079,-0.079,617.9,13.9,-13.9,2.57,0.36,-0.36,634.0,38.27,14.48,-11.44,47.7,1.0,q1_q17_dr25_tce,5478.0,82.0,-74.0,4.354,0.132,-0.096,1.053,0.147,-0.147,285.0361,45.07106,14.766,0,0,0,0,0,0,0,0,0,0,0,0,0.99,High,0,0,0,0,0,Low
807,4274548,K01331.01,Kepler-1 b,CANDIDATE,CANDIDATE,0.999,0,0,0,0,6.80082032,2.28e-05,-2.28e-05,359.17999,0.00243,-0.00243,0.597,0.086,-0.448,1.9883,0.0915,-0.0915,699.9,33.0,-33.0,1.88,0.23,-0.12,697.0,55.83,24.87,-13.68,25.5,1.0,q1_q17_dr25_tce,4805.0,172.0,-172.0,4.633,0.027,-0.063,0.688,0.083,-0.045,294.50842,39.398682,15.238,0,0,0,0,0,0,0,0,0,0,0,0,0.9733333333333334,High,0,0,0,0,0,Low
2647,6291837,K00308.01,Kepler-1 b,CANDIDATE,CANDIDATE,1.0,0,0,0,0,35.5969684,0.0001131,-0.0001131,187.52765,0.00254,-0.00254,0.895,0.035,-0.612,6.691,0.215,-0.215,684.5,14.8,-14.8,3.72,0.64,-0.43,646.0,41.06,19.66,-11.68,52.5,1.0,q1_q17_dr25_tce,6212.0,111.0,-136.0,4.309,0.095,-0.116,1.209,0.21,-0.14,293.92972,41.602871,12.351,0,0,0,0,0,0,0,0,0,0,0,0,0.9733333333333334,High,0,0,0,0,0,Low
1857,3937519,K00221.02,Kepler-1 b,CANDIDATE,CANDIDATE,1.0,0,0,0,0,5.89661966,4.591e-05,-4.591e-05,134.03046,0.00701,-0.00701,0.039,0.419,-0.039,3.154,0.189,-0.189,144.0,10.4,-10.4,1.28,0.26,-0.22,1000.0,237.1,128.71,-82.04,15.3,2.0,q1_q17_dr25_tce,5392.0,80.0,-72.0,4.314,0.165,-0.15,1.087,0.224,-0.184,285.93069,39.098141,14.622,0,0,0,0,0,0,0,0,0,0,0,0,0.9633333333333334,High,0,0,0,0,0,Low
1592,2832589,K01942.01,Kepler-1 b,CANDIDATE,CANDIDATE,1.0,0,0,0,0,10.84969477,2.777e-05,-2.777e-05,136.74432,0.0021,-0.0021,0.55,0.28,-0.347,3.474,0.0673,-0.0673,1122.1,27.5,-27.5,2.67,0.38,-0.21,676.0,49.3,23.34,-12.14,43.5,1.0,q1_q17_dr25_tce,5251.0,158.0,-158.0,4.592,0.032,-0.097,0.778,0.112,-0.06,286.00674,38.009541,15.409,0,0,0,0,0,0,0,0,0,0,0,0,0.9566666666666668,High,0,0,0,0,0,Low
2658,8709688,K03019.01,Kepler-1 b,CANDIDATE,CANDIDATE,0.963,0,0,0,0,4.17939037,2.877e-05,-2.877e-05,133.84818,0.0049,-0.0049,0.317,0.144,-0.317,2.647,0.132,-0.132,172.8,12.2,-12.2,1.52,0.24,-0.23,1194.0,478.98,194.07,-154.33,16.1,1.0,q1_q17_dr25_tce,5633.0,76.0,-76.0,4.296,0.15,-0.113,1.162,0.179,-0.179,298.40137,44.838181,14.927,0,0,0,0,0,0,0,0,0,0,0,0,0.95,High,0,0,0,0,0,Low
1597,8578780,K02023.01,Kepler-1 b,CANDIDATE,CANDIDATE,0.999,0,0,0,0,13.59051547,5.634e-05,-5.634e-05,133.07217,0.0033,-0.0033,0.232,0.222,-0.231,3.784,0.104,-0.104,621.9,24.9,-24.9,2.4,0.61,-0.33,724.0,64.8,50.06,-22.05,27.7,1.0,q1_q17_dr25_tce,5442.0,164.0,-164.0,4.409,0.135,-0.18,0.974,0.248,-0.133,297.95416,44.66748,15.15,0,0,0,0,0,0,0,0,0,0,0,0,0.95,High,0,0,0,0,0,Low
1015,9823487,K01489.01,Kepler-1 b,CANDIDATE,CANDIDATE,1.0,0,0,0,0,16.00460392,5.995e-05,-5.995e-05,140.47981,0.00301,-0.00301,0.49,0.04,-0.424,3.9475,0.0887,-0.0887,831.9,28.2,-28.2,2.24,0.32,-0.16,583.0,27.41,12.98,-6.54,34.3,1.0,q1_q17_dr25_tce,5180.0,155.0,-155.0,4.597,0.026,-0.097,0.769,0.111,-0.056,288.23666,46.605919,15.554,0,0,0,0,0,0,0,0,0,0,0,0,0.95,High,0,0,0,0,0,Low
1258,4770365,K01475.02,Kepler-1 b,CANDIDATE,CANDIDATE,0.975,0,0,0,0,9.51220046,3.21e-05,-3.21e-05,185.47893,0.00296,-0.00296,0.133,0.337,-0.133,2.9497,0.0837,-0.0837,1169.4,40.2,-40.2,1.99,0.08,-0.1,530.0,18.66,3.38,-3.11,31.9,2.0,q1_q17_dr25_tce,4224.0,84.0,-84.0,4.662,0.025,-0.02,0.603,0.027,-0.03,297.43039,39.847839,15.937,0,0,0,0,0,0,0,0,0,0,0,0,0.9466666666666668,High,0,0,0,0,0,Low
1291,7386827,K01704.01,Kepler-1 b,CANDIDATE,CANDIDATE,1.0,0,0,0,0,10.4188915,2.388e-05,-2.388e-05,137.74971,0.00193,-0.00193,0.856,0.051,-0.594,3.0069,0.0485,-0.0485,670.0,18.5,-18.5,3.17,0.93,-0.57,855.0,126.48,111.61,-51.22,42.1,1.0,q1_q17_dr25_tce,5692.0,173.0,-173.0,4.36,0.132,-0.198,1.064,0.311,-0.191,298.01443,42.957458,14.86,0,0,0,0,0,0,0,0,0,0,0,0,0.9433333333333334,High,0,0,0,0,0,Low
1371,9244756,K01969.01,Kepler-1 b,CANDIDATE,CANDIDATE,1.0,0,0,0,0,16.34355902,7.639e-05,-7.639e-05,145.04116,0.00363,-0.00363,0.716,0.203,-0.478,5.474,0.122,-0.122,829.4,27.5,-27.5,3.26,0.5,-0.29,730.0,67.34,27.0,-14.74,34.0,1.0,q1_q17_dr25_tce,5730.0,77.0,-86.0,4.394,0.08,-0.12,1.056,0.161,-0.094,300.41751,45.605518,15.017,0,0,0,0,0,0,0,0,0,0,0,0,0.94,High,0,0,0,0,0,Low
2689,7700622,K00315.01,Kepler-1 b,CANDIDATE,CANDIDATE,1.0,0,0,0,0,35.58349688,4.626e-05,-4.626e-05,189.03562,0.001,-0.001,0.001,0.416,-0.001,3.9885,0.0372,-0.0372,937.6,11.8,-11.8,2.03,0.12,-0.09,408.0,6.54,1.41,-1.04,90.8,1.0,q1_q17_dr25_tce,4894.0,97.0,-97.0,4.637,0.015,-0.042,0.684,0.041,-0.031,297.27188,43.333309,12.968,0,0,0,0,0,0,0,0,0,0,0,0,0.94,High,0,0,0,0,0,Low
1483,11570749,K01856.01,Kepler-1 b,CANDIDATE,CANDIDATE,0.999,0,0,0,0,46.2991052,0.0001173,-0.0001173,155.80223,0.00198,-0.00198,0.025,0.37,-0.025,5.2481,0.061,-0.061,854.9,17.9,-17.9,4.33,1.59,-1.94,592.0,29.04,31.95,-21.12,55.0,1.0,q1_q17_dr25_tce,5396.0,160.0,-144.0,4.035,0.504,-0.216,1.507,0.553,-0.676,297.07861,49.502079,14.082,0,0,0,0,0,0,0,0,0,0,0,0,0.94,High,0,0,0,0,2,Low
1875,11718144,K02310.01,Kepler-1 b,CANDIDATE,CANDIDATE,1.0,0,0,0,0,16.4581861,5.977e-05,-5.977e-05,134.01969,0.00301,-0.00301,0.108,0.349,-0.108,1.9637,0.0872,-0.0872,435.8,23.4,-23.4,1.82,0.23,-0.09,644.0,40.61,13.74,-5.93,22.4,1.0,q1_q17_dr25_tce,5475.0,73.0,-82.0,4.521,0.028,-0.105,0.884,0.112,-0.042,294.52545,49.872471,14.64,0,0,0,0,0,0,0,0,0,0,0,0,0.94,High,0,0,0,0,0,Low
1811,9580992,K02217.01,Kepler-1 b,CANDIDATE,CANDIDATE,1.0,0,0,0,0,37.8034121,0.0003744,-0.0003744,155.37719,0.00607,-0.00607,0.968,0.021,-0.716,4.641,0.34,-0.34,678.1,36.1,-36.1,2.95,0.54,-0.23,460.0,10.57,6.24,-2.61,20.2,1.0,q1_q17_dr25_tce,5329.0,175.0,-159.0,4.572,0.032,-0.128,0.819,0.149,-0.064,288.64252,46.21566,15.191,0,0,0,0,0,0,0,0,0,0,0,0,0.9366666666666666,High,0,0,0,0,0,Low
5378,3440118,K03876.01,Kepler-1 b,CANDIDATE,CANDIDATE,1.0,0,0,0,0,19.57783279,3.696e-05,-3.696e-05,131.71421,0.00153,-0.00153,0.694,0.007,-0.509,1.9857,0.048,-0.048,432.6,13.5,-13.5,1.96,0.27,-0.09,621.0,35.14,13.8,-5.49,37.2,1.0,q1_q17_dr25_tce,5620.0,100.0,-111.0,4.533,0.023,-0.113,0.884,0.123,-0.039,290.44067,38.52356,12.624,0,0,0,0,0,0,0,0,0,0,0,0,0.9366666666666666,High,0,0,0,0,0,Low
780,8678594,K01261.02,Kepler-1 b,CANDIDATE,CANDIDATE,0.988,0,0,0,0,15.19423359,8.343e-05,-8.343e-05,142.73422,0.00458,-0.00458,0.906,0.054,-0.611,3.106,0.125,-0.125,367.8,22.5,-22.5,3.69,0.57,-0.85,893.0,150.25,61.93,-66.07,18.1,2.0,q1_q17_dr25_tce,5588.0,83.0,-75.0,4.047,0.203,-0.087,1.593,0.245,-0.368,287.1749,44.878571,15.12,0,0,0,0,0,0,0,0,0,0,0,0,0.9333333333333332,High,0,0,0,0,0,Low
4289,4474462,K04452.01,Kepler-1 b,CANDIDATE,CANDIDATE,0.886,0,0,0,0,12.85755895,9.503e-05,-9.503e-05,141.85597,0.00641,-0.00641,0.55,0.033,-0.457,4.831,0.188,-0.188,106.5,8.5,-8.5,1.23,0.19,-0.21,860.0,129.15,52.29,-44.62,14.2,1.0,q1_q17_dr25_tce,5860.0,79.0,-79.0,4.276,0.162,-0.108,1.156,0.178,-0.195,294.30099,39.519058,13.821,0,0,0,0,0,0,0,0,0,0,0,0,0.93,High,0,0,0,0,0,Low
1892,4473226,K02229.01,Kepler-1 b,CANDIDATE,CANDIDATE,1.0,0,0,0,0,14.83340944,8.043e-05,-8.043e-05,135.44213,0.0049,-0.0049,0.399,0.086,-0.399,3.927,0.179,-0.179,783.0,47.6,-47.6,2.54,0.31,-0.18,694.0,54.74,17.87,-10.23,19.1,1.0,q1_q17_dr25_tce,5570.0,74.0,-83.0,4.471,0.064,-0.096,0.904,0.11,-0.064,293.98358,39.57288,15.707,0,0,0,0,0,0,0,0,0,0,0,0,0.9266666666666666,High,0,0,0,0,0,Low
1661,6383785,K00239.02,Kepler-1 b,CANDIDATE,CANDIDATE,0.997,0,0,0,0,3.62275506,1.499e-05,-1.499e-05,132.99267,0.00351,-0.00351,0.007,0.456,-0.007,2.7868,0.098,-0.098,180.6,9.2,-9.2,1.62,0.27,-0.24,1304.0,683.84,295.78,-216.38,22.3,2.0,q1_q17_dr25_tce,5794.0,78.0,-78.0,4.282,0.137,-0.112,1.216,0.201,-0.183,297.20154,41.730209,14.762,0,0,0,0,0,0,0,0,0,0,0,0,0.9233333333333332,High,0,0,0,0,0,Low
1939,11192235,K02329.01,Kepler-1 b,CANDIDATE,CANDIDATE,0.949,0,0,0,0,1.615357809,2.324e-06,-2.324e-06,132.7846,0.00121,-0.00121,0.931,0.007,-0.679,1.1435,0.0377,-0.0377,499.6,20.7,-20.7,1.37,0.09,-0.13,806.0,99.32,23.7,-25.18,31.2,1.0,q1_q17_dr25_tce,3821.0,76.0,-84.0,4.755,0.056,-0.028,0.486,0.034,-0.047,292.76993,48.89962,15.655,0,0,0,0,0,0,0,1,0,0,0,1,0.9166666666666666,High,0,0,0,1,1,Low
1134,8651389,K01754.01,Kepler-1 b,CANDIDATE,CANDIDATE,0.992,0,0,0,0,15.13590453,6.155e-05,-6.155e-05,146.58371,0.00346,-0.00346,0.46,0.025,-0.442,2.236,0.102,-0.102,255.7,15.3,-15.3,2.57,0.74,-0.75,933.0,179.16,159.28,-102.35,19.8,1.0,q1_q17_dr25_tce,6050.0,190.0,-232.0,4.137,0.252,-0.168,1.572,0.459,-0.459,299.95721,44.771889,13.964,0,0,0,0,0,0,0,0,0,0,0,0,0.9166666666666666,High,0,0,0,0,0,Low
5812,6342333,K02065.01,Kepler-1 b,CANDIDATE,CANDIDATE,0.968,0,0,0,0,80.2321467,0.0003914,-0.0003914,162.39301,0.00422,-0.00422,0.911,0.024,-0.622,4.656,0.128,-0.128,888.7,40.6,-40.6,3.24,0.38,-0.19,380.0,4.91,1.59,-0.81,24.9,1.0,q1_q17_dr25_tce,5436.0,81.0,-81.0,4.505,0.039,-0.097,0.888,0.104,-0.052,282.86319,41.79668,14.32,0,0,0,0,0,0,0,0,0,0,0,0,0.9133333333333332,High,0,0,0,0,0,Low
1728,3097926,K02186.01,Kepler-1 b,CANDIDATE,CANDIDATE,1.0,0,0,0,0,14.97974335,6.325e-05,-6.325e-05,143.46174,0.00343,-0.00343,0.93,0.017,-0.683,4.126,0.171,-0.171,1211.8,39.3,-39.3,3.79,0.41,-0.45,620.0,34.95,14.91,-11.5,33.2,1.0,q1_q17_dr25_tce,5062.0,194.0,-176.0,4.481,0.104,-0.095,0.853,0.092,-0.103,285.90848,38.212719,15.549,0,0,0,0,0,0,0,0,0,0,0,0,0.91,High,0,0,0,0,0,Low
5580,10917681,K01963.01,Kepler-1 b,CANDIDATE,CANDIDATE,1.0,0,0,0,0,12.89623554,3.634e-05,-3.634e-05,136.82697,0.00233,-0.00233,0.973,0.278,-0.366,2.625,0.416,-0.416,426.6,23.8,-23.8,2.55,0.8,-0.27,783.0,89.02,82.57,-26.24,32.9,1.0,q1_q17_dr25_tce,6072.0,169.0,-190.0,4.51,0.04,-0.216,0.923,0.29,-0.097,290.60745,48.357182,14.107,0,0,0,0,0,0,0,0,0,0,0,0,0.9066666666666666,High,0,0,0,0,0,Low
3345,5020319,K00635.01,Kepler-1 b,CANDIDATE,CANDIDATE,1.0,0,0,0,0,16.71987303,9.328e-05,-9.328e-05,171.40143,0.00422,-0.00422,0.437,0.503,-0.24,3.317,0.145,-0.145,523.1,32.5,-32.5,2.52,0.42,-0.23,767.0,81.63,37.51,-20.48,19.2,1.0,q1_q17_dr25_tce,6020.0,108.0,-133.0,4.389,0.066,-0.123,1.085,0.18,-0.103,294.37354,40.19463,13.034,0,0,0,0,0,0,0,0,0,0,0,0,0.9066666666666666,High,0,0,0,0,0,Low
552,10141900,K01082.02,Kepler-1 b,CANDIDATE,CANDIDATE,0.695,0,0,0,0,4.09667624,1.956e-05,-1.956e-05,133.09833,0.00376,-0.00376,0.142,0.32,-0.142,2.19,0.122,-0.122,302.3,20.4,-20.4,1.42,0.07,-0.1,938.0,182.9,30.76,-34.85,16.2,3.0,q1_q17_dr25_tce,4999.0,79.0,-79.0,4.49,0.075,-0.03,0.843,0.04,-0.06,292.14447,47.157349,15.692,0,0,0,0,0,0,0,0,0,0,0,0,0.9033333333333332,High,0,0,0,0,0,Low
202,7135852,K00875.01,Kepler-1 b,CANDIDATE,CANDIDATE,1.0,0,0,0,0,4.220965778,2.584e-06,-2.584e-06,170.622433,0.000491,-0.000491,0.705,0.061,-0.311,3.0854,0.0645,-0.0645,2260.0,17.9,-17.9,2.62,0.58,-0.58,595.0,29.68,41.22,-16.05,157.8,1.0,q1_q17_dr25_tce,3837.0,481.0,-259.0,4.747,0.105,-0.094,0.517,0.114,-0.114,296.69394,42.62611,15.692,0,0,0,0,0,0,0,1,0,0,0,1,0.9033333333333332,High,0,0,0,1,1,Low
196,11869052,K00120.01,Kepler-1 b,CANDIDATE,CANDIDATE,0.573,0,0,0,0,20.5452375,0.0001428,-0.0001428,137.91394,0.00358,-0.00358,0.95,0.007,-0.668,2.517,0.0947,-0.0947,218.5,14.0,-14.0,2.41,0.56,-0.63,742.0,71.57,60.96,-38.29,18.5,1.0,q1_q17_dr25_tce,5670.0,280.0,-229.0,4.206,0.241,-0.13,1.264,0.298,-0.328,294.40192,50.172089,12.003,0,0,0,0,0,0,0,0,0,0,0,0,0.9033333333333332,High,0,0,0,0,0,Low
2238,4665571,K02393.01,Kepler-1 b,CANDIDATE,CANDIDATE,1.0,0,0,0,0,4.60300256,1.753e-05,-1.753e-05,133.22313,0.00287,-0.00287,0.072,0.409,-0.072,2.6848,0.0903,-0.0903,302.5,14.6,-14.6,1.32,0.05,-0.08,848.0,122.02,17.28,-21.85,22.2,2.0,q1_q17_dr25_tce,4821.0,76.0,-76.0,4.529,0.06,-0.02,0.788,0.028,-0.051,294.6647,39.783829,14.903,0,0,0,0,0,0,0,0,0,0,0,0,0.9,High,0,0,0,0,0,Low
4781,9785921,K03372.01,Kepler-1 b,CANDIDATE,CANDIDATE,0.994,0,0,0,0,26.7575866,0.0002942,-0.0002942,137.28717,0.00903,-0.00903,0.407,0.058,-0.407,5.858,0.278,-0.278,455.3,29.8,-29.8,2.28,0.72,-0.28,660.0,44.86,42.94,-15.99,17.7,1.0,q1_q17_dr25_tce,6215.0,194.0,-259.0,4.44,0.065,-0.208,1.052,0.332,-0.133,297.4809,46.589142,15.42,0,0,0,0,0,0,0,0,0,0,0,0,0.89,High,0,0,0,0,0,Low
1311,7750419,K01708.01,Kepler-1 b,CANDIDATE,CANDIDATE,1.0,0,0,0,0,32.7737631,0.0001788,-0.0001788,151.44352,0.00463,-0.00463,0.971,0.008,-0.687,3.416,0.241,-0.241,564.5,28.8,-28.8,5.0,0.78,-1.17,686.0,52.22,21.88,-23.25,21.7,1.0,q1_q17_dr25_tce,5640.0,84.0,-76.0,4.076,0.203,-0.087,1.534,0.24,-0.36,290.88232,43.47176,14.758,0,0,0,0,0,0,0,0,0,0,0,0,0.8866666666666667,High,0,0,0,0,2,Low
551,10141900,K01082.01,Kepler-1 b,CANDIDATE,CANDIDATE,1.0,0,0,0,0,6.50327035,3.134e-05,-3.134e-05,135.26657,0.00357,-0.00357,0.08,0.375,-0.08,2.591,0.131,-0.131,418.3,24.1,-24.1,1.67,0.08,-0.12,804.0,98.81,16.62,-18.82,19.0,1.0,q1_q17_dr25_tce,4999.0,79.0,-79.0,4.49,0.075,-0.03,0.843,0.04,-0.06,292.14447,47.157349,15.692,0,0,0,0,0,0,0,0,0,0,0,0,0.8866666666666667,High,0,0,0,0,0,Low
2006,5621586,K02415.01,Kepler-1 b,CANDIDATE,CANDIDATE,1.0,0,0,0,0,5.25419589,1.901e-05,-1.901e-05,133.72952,0.00335,-0.00335,0.007,0.417,-0.007,2.9878,0.0812,-0.0812,461.8,20.8,-20.8,2.12,0.69,-0.22,1093.0,338.15,328.83,-107.3,26.1,1.0,q1_q17_dr25_tce,6123.0,190.0,-232.0,4.472,0.054,-0.216,0.987,0.317,-0.106,292.31512,40.838821,15.659,0,0,0,0,0,0,0,0,0,0,0,0,0.8766666666666667,High,0,0,0,0,0,Low
1903,3967326,K02084.01,Kepler-1 b,CANDIDATE,CANDIDATE,1.0,0,0,0,0,4.19577385,1.568e-05,-1.568e-05,135.17605,0.00324,-0.00324,0.521,0.017,-0.468,2.1557,0.0918,-0.0918,874.2,45.0,-45.0,3.02,0.98,-0.53,1047.0,283.78,289.09,-116.74,23.3,1.0,q1_q17_dr25_tce,5229.0,183.0,-183.0,4.378,0.16,-0.24,1.005,0.328,-0.177,294.84003,39.085991,15.168,0,0,0,0,0,0,0,0,0,0,0,0,0.8733333333333333,High,0,0,0,0,0,Low
2484,7659389,K02734.01,Kepler-1 b,CANDIDATE,CANDIDATE,1.0,0,0,0,0,3.8259005,1.323e-05,-1.323e-05,132.20163,0.00325,-0.00325,0.951,0.029,-0.713,1.8057,0.0748,-0.0748,857.2,50.8,-50.8,3.45,0.58,-0.31,1005.0,241.25,135.25,-67.75,20.3,1.0,q1_q17_dr25_tce,5223.0,183.0,-183.0,4.505,0.054,-0.117,0.885,0.147,-0.079,281.04916,43.322601,15.768,0,0,0,0,0,0,0,0,0,0,0,0,0.8733333333333333,High,0,0,0,0,0,Low
2022,9654468,K02417.01,Kepler-1 b,CANDIDATE,CANDIDATE,1.0,0,0,0,0,47.7052566,0.0004697,-0.0004697,146.3164,0.01,-0.01,0.918,0.025,-0.627,5.959,0.251,-0.251,1161.5,58.9,-58.9,2.89,0.12,-0.14,347.0,3.42,0.58,-0.57,22.8,1.0,q1_q17_dr25_tce,4551.0,90.0,-90.0,4.609,0.036,-0.018,0.672,0.027,-0.033,294.00543,46.310692,16.22,0,0,0,0,0,0,0,0,0,0,0,0,0.87,High,0,0,0,0,0,Low
1777,12505654,K02353.01,Kepler-1 b,CANDIDATE,CANDIDATE,1.0,0,0,0,0,5.186737262,7.369e-06,-7.369e-06,134.99509,0.0012,-0.0012,0.825,0.038,-0.568,0.8023,0.0521,-0.0521,712.7,39.9,-39.9,2.4,0.38,-0.17,860.0,129.37,65.71,-30.84,25.7,1.0,q1_q17_dr25_tce,5230.0,158.0,-158.0,4.594,0.032,-0.104,0.777,0.122,-0.056,288.66449,51.498421,14.988,0,0,0,0,0,0,0,0,0,0,0,0,0.87,High,0,0,0,0,0,Low
354,6131236,K01051.01,Kepler-1 b,CANDIDATE,CANDIDATE,1.0,0,0,0,0,6.79685353,2.247e-05,-2.247e-05,138.11324,0.00297,-0.00297,0.62,0.33,-0.389,3.1702,0.0835,-0.0835,393.1,14.9,-14.9,2.01,0.62,-0.2,985.0,222.91,206.66,-65.9,29.8,1.0,q1_q17_dr25_tce,6061.0,180.0,-198.0,4.486,0.05,-0.2,0.97,0.3,-0.1,294.16321,41.451801,15.391,0,0,0,0,0,0,0,0,0,0,0,0,0.8666666666666667,High,0,0,0,0,0,Low
2459,5980783,K02967.01,Kepler-1 b,CANDIDATE,CANDIDATE,0.983,0,0,0,0,37.3033197,0.0005879,-0.0005879,133.3072,0.0124,-0.0124,0.908,0.033,-0.638,7.793,0.233,-0.233,551.7,32.3,-32.3,2.31,0.57,-0.25,493.0,14.0,10.85,-4.22,19.5,1.0,q1_q17_dr25_tce,5646.0,186.0,-186.0,4.55,0.053,-0.158,0.817,0.203,-0.087,297.19928,41.226429,15.527,0,0,0,0,0,0,0,0,0,0,0,0,0.8666666666666667,High,0,0,0,0,0,Low
2032,8247770,K02569.01,Kepler-1 b,CANDIDATE,CANDIDATE,0.427,0,0,0,0,8.28157072,7.341e-05,-7.341e-05,136.25775,0.00647,-0.00647,0.042,0.407,-0.042,3.1,0.216,-0.216,139.2,12.6,-12.6,1.37,0.21,-0.21,956.0,197.82,79.31,-63.19,12.9,1.0,q1_q17_dr25_tce,5640.0,76.0,-76.0,4.288,0.143,-0.104,1.175,0.179,-0.179,296.603,44.14082,14.273,0,0,0,0,0,0,0,0,0,0,0,0,0.8666666666666667,High,0,0,0,0,0,Low
4959,11754430,K03403.02,Kepler-1 b,CANDIDATE,CANDIDATE,1.0,0,0,0,0,6.15828666,8.77e-05,-8.77e-05,135.4969,0.0144,-0.0144,0.595,0.042,-0.464,6.329,0.341,-0.341,57.7,4.1,-4.1,1.2,0.19,-0.26,1212.0,510.35,233.02,-219.53,16.4,2.0,q1_q17_dr25_tce,5710.0,114.0,-91.0,4.073,0.201,-0.093,1.524,0.244,-0.336,286.64642,49.937778,13.102,0,0,0,0,0,0,0,0,0,0,0,0,0.86,High,0,0,0,0,0,Low
2619,10749059,K03086.01,Kepler-1 b,CANDIDATE,CANDIDATE,0.994,0,0,0,0,174.731515,0.003126,-0.003126,252.5348,0.0146,-0.0146,0.021,0.428,-0.021,8.257,0.343,-0.343,1179.9,82.8,-82.8,3.0,0.17,-0.3,287.0,1.6,0.31,-0.38,16.5,1.0,q1_q17_dr25_tce,5201.0,83.0,-83.0,4.447,0.098,-0.035,0.897,0.051,-0.089,297.88464,48.00145,15.707,1,0,0,0,0,0,0,0,0,0,0,1,0.8566666666666667,High,0,0,0,1,1,Low
3963,12737015,K04245.01,Kepler-1 b,CANDIDATE,CANDIDATE,0.965,0,0,0,0,24.6683831,0.0003508,-0.0003508,136.633,0.0124,-0.0124,0.751,0.213,-0.529,8.556,0.353,-0.353,109.2,8.1,-8.1,1.76,0.3,-0.37,788.0,91.32,43.64,-39.77,15.3,1.0,q1_q17_dr25_tce,6059.0,109.0,-146.0,4.151,0.168,-0.112,1.554,0.269,-0.328,290.48007,51.965012,13.572,0,0,0,0,0,0,0,0,0,0,0,0,0.8533333333333334,High,0,0,0,0,0,Low
1966,9006186,K02169.03,Kepler-1 b,CANDIDATE,CANDIDATE,0.649,0,0,0,0,4.27226421,2.236e-05,-2.236e-05,133.21863,0.00437,-0.00437,0.744,0.225,-0.513,2.113,0.125,-0.125,48.9,3.9,-3.9,0.64,0.07,-0.03,981.0,218.63,72.98,-32.33,13.7,3.0,q1_q17_dr25_tce,5450.0,108.0,-108.0,4.563,0.017,-0.094,0.842,0.093,-0.033,285.20749,45.38435,12.404,0,0,0,0,0,0,0,0,0,0,0,0,0.85,High,0,0,0,0,0,Low
3841,4548011,K04288.02,Kepler-1 b,CANDIDATE,CANDIDATE,0.954,0,0,0,0,9.08745206,8.194e-05,-8.194e-05,139.99222,0.00767,-0.00767,0.341,0.112,-0.341,3.786,0.202,-0.202,35.1,3.2,-3.2,0.73,0.12,-0.11,980.0,217.95,101.55,-74.37,11.7,2.0,q1_q17_dr25_tce,5888.0,105.0,-129.0,4.275,0.144,-0.108,1.227,0.207,-0.186,287.37125,39.603569,12.4,0,0,0,0,0,0,0,0,0,0,0,0,0.8466666666666667,High,0,0,0,0,0,Low
1950,9006186,K02169.02,Kepler-1 b,CANDIDATE,CANDIDATE,0.961,0,0,0,0,3.26662733,1.395e-05,-1.395e-05,136.08452,0.00354,-0.00354,0.623,0.002,-0.503,2.056,0.113,-0.113,59.9,3.6,-3.6,0.68,0.08,-0.03,1072.0,312.85,104.43,-46.26,18.6,2.0,q1_q17_dr25_tce,5450.0,108.0,-108.0,4.563,0.017,-0.094,0.842,0.093,-0.033,285.20749,45.38435,12.404,0,0,0,0,0,0,0,0,0,0,0,0,0.8466666666666667,High,0,0,0,0,0,Low
4936,9966219,K03401.01,Kepler-1 b,CANDIDATE,CANDIDATE,0.996,0,0,0,0,17.9559673,0.0002547,-0.0002547,139.0347,0.0107,-0.0107,0.979,0.016,-0.742,6.237,0.316,-0.316,137.0,13.6,-13.6,1.96,0.28,-0.33,750.0,74.61,29.15,-25.22,11.9,1.0,q1_q17_dr25_tce,5641.0,76.0,-76.0,4.258,0.162,-0.108,1.195,0.177,-0.196,297.47839,46.81575,14.388,0,0,0,0,0,0,0,0,0,0,0,0,0.8466666666666667,High,0,0,0,0,0,Low
1275,12406749,K01476.01,Kepler-1 b,CANDIDATE,CANDIDATE,0.999,0,0,0,0,56.3587987,0.0002655,-0.0002655,222.31819,0.00368,-0.00368,0.906,0.009,-0.038,6.927,0.268,-0.268,2559.6,68.8,-68.8,5.04,0.96,-0.52,419.0,7.29,4.34,-2.1,44.4,1.0,q1_q17_dr25_tce,5446.0,162.0,-162.0,4.525,0.072,-0.126,0.821,0.157,-0.085,290.85413,51.222809,15.792,0,0,0,0,0,0,0,0,0,0,0,0,0.8466666666666667,High,0,0,0,0,2,Low
2034,7501646,K02572.01,Kepler-1 b,CANDIDATE,CANDIDATE,1.0,0,0,0,0,6.37705295,3.206e-05,-3.206e-05,136.91384,0.00453,-0.00453,0.234,0.243,-0.234,1.949,0.147,-0.147,502.8,33.8,-33.8,2.15,0.52,-0.21,935.0,180.66,130.54,-52.88,17.9,1.0,q1_q17_dr25_tce,5672.0,160.0,-200.0,4.503,0.044,-0.176,0.965,0.233,-0.093,281.59235,43.177879,15.522,0,0,0,0,0,0,0,0,0,0,0,0,0.8433333333333334,High,0,0,0,0,0,Low
1810,4248120,K02216.01,Kepler-1 b,CANDIDATE,CANDIDATE,1.0,0,0,0,0,23.34036251,9.674e-05,-9.674e-05,136.20727,0.00354,-0.00354,0.25,0.206,-0.25,2.054,0.111,-0.111,615.1,40.1,-40.1,2.21,0.53,-0.36,601.0,30.94,22.86,-11.71,18.2,1.0,q1_q17_dr25_tce,5530.0,165.0,-165.0,4.425,0.153,-0.187,0.892,0.217,-0.145,287.29251,39.383221,15.23,0,0,0,0,0,0,0,0,0,0,0,0,0.8366666666666667,High,0,0,0,0,0,Low
7241,7375348,K00266.02,Kepler-1 b,CANDIDATE,CANDIDATE,1.0,0,0,0,0,47.7439509,0.0003349,-0.0003349,160.15905,0.00575,-0.00575,0.977,0.014,-0.692,2.99,0.129,-0.129,96.9,7.3,-7.3,1.74,0.28,-0.28,575.0,25.84,11.59,-9.08,15.0,2.0,q1_q17_dr25_tce,5949.0,106.0,-118.0,4.272,0.12,-0.12,1.292,0.209,-0.209,295.40433,42.981422,11.472,0,0,0,0,0,0,0,0,0,0,0,0,0.8333333333333334,High,0,0,0,0,0,Low
2747,5551672,K03119.01,Kepler-1 b,CANDIDATE,CANDIDATE,0.013,0,0,0,0,2.184437698,6.441e-06,-6.441e-06,133.67492,0.00291,-0.00291,0.035,0.447,-0.035,1.0422,0.0793,-0.0793,1546.8,98.3,-98.3,0.94,0.15,-0.11,529.0,18.41,8.36,-4.99,19.7,1.0,q1_q17_dr25_tce,3421.0,67.0,-51.0,5.014,0.045,-0.045,0.25,0.04,-0.03,296.58719,40.722988,16.946,0,0,0,0,0,0,0,1,1,0,0,1,0.8266666666666667,High,0,0,0,1,1,Low
2483,5953297,K02733.01,Kepler-1 b,CANDIDATE,CANDIDATE,1.0,0,0,0,0,5.62006198,2.995e-05,-2.995e-05,132.95381,0.00453,-0.00453,0.969,0.005,-0.751,2.751,0.12,-0.12,190.1,13.0,-13.0,1.45,0.08,-0.06,772.0,84.01,16.64,-11.46,17.4,1.0,q1_q17_dr25_tce,4868.0,78.0,-78.0,4.6,0.014,-0.049,0.746,0.045,-0.03,289.55301,41.297852,14.009,0,0,0,0,0,0,0,0,0,0,0,0,0.8266666666666667,High,0,0,0,0,0,Low
2976,10189546,K00427.01,Kepler-1 b,CANDIDATE,CANDIDATE,1.0,0,0,0,0,24.61480613,3.227e-05,-3.227e-05,191.741225,0.000999,-0.000999,0.435,0.268,-0.297,2.6602,0.0407,-0.0407,1798.0,28.8,-28.8,4.2,0.45,-0.5,586.0,27.93,8.48,-7.5,68.4,1.0,q1_q17_dr25_tce,5312.0,79.0,-79.0,4.384,0.137,-0.074,0.986,0.107,-0.117,283.0228,47.261131,14.621,0,0,0,0,0,0,0,0,0,0,0,0,0.8266666666666667,High,0,0,0,0,2,Low
4001,6752002,K04184.01,Kepler-1 b,CANDIDATE,CANDIDATE,0.999,0,0,0,0,6.08003714,1.668e-05,-1.668e-05,136.88262,0.00228,-0.00228,0.254,0.196,-0.254,1.308,0.0835,-0.0835,184.0,12.4,-12.4,1.07,0.09,-0.12,808.0,100.72,32.86,-29.28,17.7,1.0,q1_q17_dr25_tce,4991.0,149.0,-134.0,4.513,0.082,-0.06,0.804,0.069,-0.089,281.89813,42.28587,13.473,0,0,0,0,0,0,0,0,0,0,0,0,0.8266666666666667,High,0,0,0,0,0,Low
6729,7377343,K05384.01,Kepler-1 b,CANDIDATE,CANDIDATE,1.0,0,0,0,0,7.95445779,3.496e-05,-3.496e-05,135.48462,0.00543,-0.00543,0.021,0.173,-0.021,4.6012,0.0179,-0.0179,6269.4,31.3,-31.3,9.5,3.0,-1.62,1064.0,303.36,290.77,-127.33,228.4,1.0,q1_q17_dr25_tce,6217.0,194.0,-259.0,4.306,0.132,-0.198,1.196,0.378,-0.204,295.90891,42.988209,14.406,0,0,1,0,0,0,1,0,0,0,0,1,0.8233333333333334,High,0,0,0,1,5,High
3577,7256914,K04136.02,Kepler-1 b,CANDIDATE,CANDIDATE,0.972,0,0,0,0,4.03357434,4.404e-05,-4.404e-05,134.23275,0.00872,-0.00872,0.855,0.077,-0.576,5.886,0.219,-0.219,66.2,4.6,-4.6,1.23,0.19,-0.26,1270.0,616.04,261.9,-253.48,15.5,2.0,q1_q17_dr25_tce,5575.0,83.0,-75.0,4.189,0.188,-0.101,1.308,0.208,-0.277,281.82318,42.811169,13.955,0,0,0,0,0,0,0,0,0,0,0,0,0.82,High,0,0,0,0,0,Low
2839,4141376,K00280.01,Kepler-1 b,CANDIDATE,CANDIDATE,1.0,0,0,0,0,11.87290814,1.145e-05,-1.145e-05,180.895933,0.000727,-0.000727,0.904,0.003,-0.651,2.5342,0.045,-0.045,332.7,4.5,-4.5,2.25,0.1,-0.1,863.0,131.55,19.1,-18.64,84.7,1.0,q1_q17_dr25_tce,6147.0,73.0,-92.0,4.412,0.03,-0.027,1.04,0.047,-0.047,286.68945,39.21191,11.072,0,0,0,0,0,0,0,0,0,0,0,0,0.82,High,0,0,0,0,0,Low
6668,9993683,K05748.01,Kepler-1 b,CANDIDATE,CANDIDATE,0.989,0,0,0,0,29.9371143,0.000511,-0.000511,145.1081,0.0131,-0.0131,0.321,0.142,-0.321,4.435,0.42,-0.42,194.3,20.1,-20.1,1.19,0.06,-0.1,501.0,14.87,2.65,-3.19,11.6,1.0,q1_q17_dr25_tce,5115.0,84.0,-76.0,4.47,0.09,-0.03,0.866,0.044,-0.075,282.50021,46.918571,14.489,0,0,0,0,0,0,0,0,0,0,0,0,0.8166666666666667,High,0,0,0,0,0,Low
2790,10252275,K03130.02,Kepler-1 b,CANDIDATE,CANDIDATE,0.994,0,0,0,0,5.65245733,3.205e-05,-3.205e-05,136.97891,0.00532,-0.00532,0.889,0.07,-0.656,2.062,0.143,-0.143,121.0,11.6,-11.6,1.05,0.12,-0.11,856.0,127.1,48.92,-37.84,11.7,2.0,q1_q17_dr25_tce,5159.0,153.0,-153.0,4.508,0.093,-0.085,0.8,0.088,-0.088,280.70853,47.32806,13.752,0,0,0,0,0,0,0,0,0,0,0,0,0.8166666666666667,High,0,0,0,0,0,Low
847,8804283,K01276.02,Kepler-1 b,CANDIDATE,CANDIDATE,1.0,0,0,0,0,13.26079792,9.795e-05,-9.795e-05,139.0988,0.00554,-0.00554,0.22,0.25,-0.22,3.912,0.169,-0.169,199.4,12.4,-12.4,1.47,0.2,-0.21,760.0,78.79,29.8,-23.55,17.6,2.0,q1_q17_dr25_tce,5478.0,82.0,-74.0,4.354,0.132,-0.096,1.053,0.147,-0.147,285.0361,45.07106,14.766,0,0,0,0,0,0,0,0,0,0,0,0,0.8133333333333334,High,0,0,0,0,0,Low
2885,8509442,K02992.01,Kepler-1 b,CANDIDATE,CANDIDATE,0.9,0,0,0,0,82.6595174,0.0005443,-0.0005443,152.6726,0.00587,-0.00587,0.579,0.345,-0.358,3.48,0.166,-0.166,1270.7,86.5,-86.5,2.03,0.14,-0.18,233.0,0.7,0.17,-0.18,17.1,1.0,q1_q17_dr25_tce,3952.0,86.0,-94.0,4.716,0.04,-0.036,0.553,0.04,-0.049,296.73724,44.50148,15.995,0,0,0,0,0,0,0,1,0,0,0,1,0.81,High,0,0,0,1,1,Low
2455,5106313,K02878.01,Kepler-1 b,CANDIDATE,CANDIDATE,0.991,0,0,0,0,3.89524296,1.753e-05,-1.753e-05,131.85929,0.00339,-0.00339,0.224,0.237,-0.224,1.689,0.109,-0.109,189.0,13.7,-13.7,1.13,0.04,-0.09,956.0,197.66,30.36,-38.07,16.2,1.0,q1_q17_dr25_tce,5018.0,83.0,-75.0,4.492,0.077,-0.028,0.838,0.033,-0.062,293.79358,40.240929,14.756,0,0,0,0,0,0,0,0,0,0,0,0,0.81,High,0,0,0,0,0,Low
230,8013419,K00901.01,Kepler-1 b,CANDIDATE,CANDIDATE,1.0,0,0,0,0,12.732624065,4.397e-06,-4.397e-06,176.939054,0.000273,-0.000273,0.811,0.02,-0.033,2.2083,0.0432,-0.0432,6465.7,41.0,-41.0,4.87,0.97,-0.96,432.0,8.22,11.81,-4.37,210.5,1.0,q1_q17_dr25_tce,3950.0,560.0,-301.0,4.721,0.104,-0.085,0.541,0.107,-0.107,285.16748,43.876339,15.75,0,0,1,0,0,0,1,1,0,0,0,1,0.8033333333333333,High,0,0,0,1,5,High
3078,8212002,K02593.02,Kepler-1 b,CANDIDATE,CANDIDATE,0.498,0,0,0,0,9.5539134,0.0001577,-0.0001577,135.5281,0.0138,-0.0138,0.142,0.305,-0.142,5.261,0.269,-0.269,26.8,2.2,-2.2,0.68,0.11,-0.07,1012.0,247.86,115.22,-65.3,13.1,2.0,q1_q17_dr25_tce,6175.0,110.0,-134.0,4.299,0.072,-0.108,1.307,0.22,-0.135,281.83533,44.155918,11.714,0,0,0,0,0,0,0,0,0,0,0,0,0.7966666666666666,Medium,0,0,0,0,0,Low
2898,10122538,K02926.05,Kepler-1 b,CANDIDATE,CANDIDATE,0.889,0,0,0,0,75.731195,0.001885,-0.001885,201.9685,0.0291,-0.0291,0.9,0.042,-0.61,4.859,0.219,-0.219,2496.0,173.0,-173.0,3.47,0.22,-0.16,237.0,0.74,0.16,-0.12,16.3,5.0,q1_q17_dr25_tce,3891.0,70.0,-86.0,4.718,0.018,-0.042,0.564,0.035,-0.026,283.33606,47.174541,16.279,0,0,0,0,0,0,0,1,0,0,0,1,0.7866666666666666,Medium,0,0,0,1,1,Low
4468,4277304,K04774.01,Kepler-1 b,CANDIDATE,CANDIDATE,0.986,0,0,0,0,51.567801,0.0006141,-0.0006141,168.873,0.0107,-0.0107,0.554,0.389,-0.346,5.514,0.29,-0.29,210.1,18.0,-18.0,1.3,0.24,-0.18,433.0,8.3,5.03,-2.94,13.5,1.0,q1_q17_dr25_tce,5285.0,185.0,-185.0,4.467,0.104,-0.138,0.876,0.16,-0.12,295.12238,39.391033,13.882,0,0,0,0,0,0,0,0,0,0,0,0,0.78,Medium,0,0,0,0,0,Low
1833,9334893,K02298.01,Kepler-1 b,CANDIDATE,CANDIDATE,0.9,0,0,0,0,16.6671415,0.0001253,-0.0001253,141.76551,0.00634,-0.00634,0.444,0.042,-0.422,3.526,0.197,-0.197,175.0,11.0,-11.0,0.7,0.04,-0.04,469.0,11.47,2.87,-2.52,17.9,1.0,q1_q17_dr25_tce,4729.0,143.0,-143.0,4.726,0.045,-0.024,0.525,0.028,-0.032,288.45605,45.80212,13.831,0,0,0,0,0,0,0,0,0,0,0,0,0.78,Medium,0,0,0,0,0,Low
4138,7834045,K04630.01,Kepler-1 b,CANDIDATE,CANDIDATE,1.0,0,0,0,0,44.6966177,0.0009472,-0.0009472,155.6611,0.015,-0.015,0.373,0.093,-0.373,10.532,0.566,-0.566,257.3,20.2,-20.2,2.46,0.45,-0.5,637.0,38.95,18.64,-15.47,15.3,1.0,q1_q17_dr25_tce,5929.0,80.0,-80.0,4.123,0.182,-0.098,1.518,0.279,-0.307,295.59735,43.596401,14.875,0,0,0,0,0,0,0,0,0,0,0,0,0.7733333333333333,Medium,0,0,0,0,0,Low
1068,4276716,K01619.01,Kepler-1 b,CANDIDATE,CANDIDATE,1.0,0,0,0,0,20.6654374,0.0001785,-0.0001785,132.01229,0.00651,-0.00651,0.05,0.417,-0.05,3.172,0.21,-0.21,100.4,8.4,-8.4,0.66,0.03,-0.04,487.0,13.35,2.41,-2.34,13.6,1.0,q1_q17_dr25_tce,4830.0,96.0,-96.0,4.605,0.042,-0.021,0.676,0.03,-0.037,294.99023,39.346378,11.759,0,0,0,0,0,0,0,0,0,0,0,0,0.7733333333333333,Medium,0,0,0,0,0,Low
3987,10525049,K04252.01,Kepler-1 b,CANDIDATE,CANDIDATE,0.999,0,0,0,0,15.5714121,0.0001077,-0.0001077,136.58529,0.00567,-0.00567,0.312,0.139,-0.312,2.294,0.222,-0.222,173.5,17.2,-17.2,0.72,0.05,-0.04,399.0,5.98,1.27,-1.14,13.0,1.0,q1_q17_dr25_tce,3872.0,77.0,-84.0,4.714,0.027,-0.03,0.557,0.033,-0.033,287.36404,47.78521,13.977,0,0,0,0,0,0,0,1,0,0,0,1,0.77,Medium,0,0,0,1,1,Low
484,12105051,K00141.01,Kepler-1 b,CANDIDATE,CANDIDATE,1.0,0,0,0,0,2.624234833,3.89e-07,-3.89e-07,132.304988,0.000122,-0.000122,0.781,0.057,-0.39,1.3874,0.0316,-0.0316,2607.0,8.9,-8.9,5.11,0.6,-0.23,1164.0,434.31,151.68,-68.35,361.1,1.0,q1_q17_dr25_tce,5340.0,106.0,-106.0,4.514,0.033,-0.104,0.899,0.105,-0.04,288.0383,50.651611,13.687,0,0,0,0,0,0,1,0,0,0,0,1,0.7666666666666667,Medium,0,0,0,1,3,Medium
2546,6197215,K02829.01,Kepler-1 b,CANDIDATE,CANDIDATE,1.0,0,0,0,0,10.61345333,2.552e-05,-2.552e-05,135.6898,0.00193,-0.00193,0.535,0.427,-0.333,0.9829,0.0804,-0.0804,150.2,10.1,-10.1,1.77,0.29,-0.37,987.0,224.63,106.94,-92.42,20.0,1.0,q1_q17_dr25_tce,5865.0,117.0,-105.0,4.163,0.182,-0.098,1.388,0.233,-0.284,289.36441,41.53323,12.824,0,0,0,0,0,0,0,0,0,0,0,0,0.7633333333333333,Medium,0,0,0,0,0,Low
2002,8894646,K02641.01,Kepler-1 b,CANDIDATE,CANDIDATE,1.0,0,0,0,0,3.55557922,2.357e-05,-2.357e-05,132.75203,0.00535,-0.00535,0.269,0.187,-0.269,3.24,0.159,-0.159,60.4,4.5,-4.5,0.84,0.23,-0.15,1270.0,615.03,488.45,-247.94,15.5,1.0,q1_q17_dr25_tce,5839.0,147.0,-161.0,4.337,0.153,-0.187,1.082,0.297,-0.198,294.99585,45.119579,13.845,0,0,0,0,0,0,0,0,0,0,0,0,0.76,Medium,0,0,0,0,0,Low
1793,3440978,K02288.01,Kepler-1 b,CANDIDATE,CANDIDATE,0.997,0,0,0,0,38.103908,0.0002255,-0.0002255,161.08647,0.00476,-0.00476,0.987,68.56,-0.005,3.837,0.223,-0.223,961.1,56.1,-56.1,4.08,0.51,-0.51,456.0,10.22,4.33,-3.29,20.3,1.0,q1_q17_dr25_tce,5250.0,158.0,-158.0,4.522,0.088,-0.072,0.771,0.096,-0.096,290.703,38.567032,15.469,0,0,0,0,0,0,0,0,0,0,0,0,0.76,Medium,0,0,0,0,2,Low
2094,9283156,K02657.01,Kepler-1 b,CANDIDATE,CANDIDATE,1.0,0,0,0,0,5.22402436,3.172e-05,-3.172e-05,132.85379,0.00543,-0.00543,0.12,0.334,-0.12,2.608,0.151,-0.151,48.1,3.7,-3.7,0.58,0.05,-0.05,941.0,185.16,57.75,-37.44,15.1,1.0,q1_q17_dr25_tce,5487.0,109.0,-109.0,4.512,0.056,-0.077,0.84,0.085,-0.059,292.76175,45.727242,12.869,0,0,0,0,0,0,0,0,0,0,0,0,0.7566666666666667,Medium,0,0,0,0,0,Low
320,10482160,K01170.01,Kepler-1 b,CANDIDATE,CANDIDATE,0.965,0,0,0,0,7.34373964,1.134e-05,-1.134e-05,137.29874,0.00128,-0.00128,0.185,0.269,-0.185,1.1784,0.0466,-0.0466,574.4,21.8,-21.8,1.84,0.4,-0.14,839.0,117.5,77.15,-27.07,32.2,1.0,q1_q17_dr25_tce,5757.0,155.0,-155.0,4.597,0.036,-0.144,0.762,0.168,-0.056,296.23215,47.678959,14.657,0,0,0,0,0,0,0,0,0,0,0,0,0.7533333333333333,Medium,0,0,0,0,0,Low
1972,10471621,K02554.02,Kepler-1 b,CANDIDATE,CANDIDATE,0.988,0,0,0,0,10.27127527,6.323e-05,-6.323e-05,135.17631,0.00475,-0.00475,0.046,0.414,-0.046,3.029,0.15,-0.15,343.5,24.2,-24.2,0.94,0.07,-0.08,510.0,16.02,4.48,-4.37,17.5,1.0,q1_q17_dr25_tce,4405.0,119.0,-146.0,4.732,0.058,-0.031,0.511,0.037,-0.045,292.37979,47.644611,15.439,0,0,0,0,0,0,0,0,0,0,0,0,0.75,Medium,0,0,0,0,0,Low
4193,4060229,K04570.01,Kepler-1 b,CANDIDATE,CANDIDATE,0.996,0,0,0,0,35.0175053,0.0003215,-0.0003215,139.8496,0.00785,-0.00785,0.809,0.157,-0.575,3.608,0.218,-0.218,292.0,25.5,-25.5,2.13,0.33,-0.36,617.0,34.32,13.62,-11.88,12.8,1.0,q1_q17_dr25_tce,5944.0,71.0,-80.0,4.293,0.156,-0.104,1.123,0.173,-0.19,292.35605,39.11945,14.638,0,0,0,0,0,0,0,0,0,0,0,0,0.7466666666666667,Medium,0,0,0,0,0,Low
5165,9025971,K03680.01,Kepler-1 b,CANDIDATE,CANDIDATE,0.999,0,0,0,0,141.2415405,9.485e-05,-9.485e-05,256.205347,0.000585,-0.000585,0.12,0.068,-0.12,6.7645,0.0216,-0.0216,12990.0,39.4,-39.4,11.49,1.66,-1.21,352.0,3.62,1.48,-0.95,380.9,1.0,q1_q17_dr25_tce,5705.0,104.0,-115.0,4.397,0.095,-0.105,1.017,0.147,-0.107,293.28156,45.309669,14.524,1,0,1,0,0,0,1,0,0,0,0,1,0.7433333333333333,Medium,0,1,0,1,7,High
5086,6058816,K03500.01,Kepler-1 b,CANDIDATE,CANDIDATE,0.93,0,0,0,0,73.7502765,0.0005225,-0.0005225,188.52221,0.00553,-0.00553,0.127,0.317,-0.127,13.309,0.167,-0.167,233.1,7.0,-7.0,3.78,0.53,-1.31,677.0,49.76,18.22,-29.61,33.9,1.0,q1_q17_dr25_tce,6056.0,81.0,-81.0,3.797,0.285,-0.095,2.481,0.343,-0.859,296.35461,41.33556,13.214,0,1,0,0,0,0,0,0,0,1,0,1,0.7433333333333333,Medium,0,0,0,1,1,Low
2401,8760040,K02963.02,Kepler-1 b,CANDIDATE,CANDIDATE,0.913,0,0,0,0,7.35101287,5.57e-05,-5.57e-05,133.63951,0.00643,-0.00643,0.608,0.361,-0.383,2.757,0.186,-0.186,115.9,10.0,-10.0,1.42,0.23,-0.19,1064.0,303.08,128.71,-87.17,12.8,2.0,q1_q17_dr25_tce,5951.0,71.0,-79.0,4.283,0.12,-0.12,1.262,0.209,-0.168,294.33646,44.918289,14.544,0,0,0,0,0,0,0,0,0,0,0,0,0.7433333333333333,Medium,0,0,0,0,0,Low
4007,7901016,K04257.01,Kepler-1 b,CANDIDATE,CANDIDATE,0.7,0,0,0,0,41.6757509,0.0005993,-0.0005993,169.791,0.0117,-0.0117,0.256,0.181,-0.256,10.848,0.336,-0.336,142.0,7.1,-7.1,2.1,0.51,-0.95,690.0,53.72,38.64,-39.24,22.6,1.0,q1_q17_dr25_tce,5745.0,156.0,-156.0,3.957,0.465,-0.155,1.763,0.428,-0.796,295.1333,43.631432,13.34,0,0,0,0,0,0,0,0,0,0,0,0,0.74,Medium,0,0,0,0,0,Low
855,8935810,K01395.01,Kepler-1 b,CANDIDATE,CANDIDATE,1.0,0,0,0,0,6.230335,1.007e-05,-1.007e-05,181.29566,0.00134,-0.00134,0.808,0.092,-0.595,1.6493,0.0514,-0.0514,1449.2,47.2,-47.2,3.7,0.74,-0.31,875.0,138.33,87.09,-37.97,31.6,1.0,q1_q17_dr25_tce,5477.0,172.0,-191.0,4.557,0.027,-0.153,0.865,0.173,-0.074,284.20966,45.25808,15.977,0,0,0,0,0,0,0,0,0,0,0,0,0.7366666666666667,Medium,0,0,0,0,0,Low
892,8742590,K01281.01,Kepler-1 b,CANDIDATE,CANDIDATE,0.989,0,0,0,0,49.4781446,0.0002006,-0.0002006,141.82465,0.0033,-0.0033,0.048,0.41,-0.048,2.493,0.102,-0.102,496.6,28.0,-28.0,1.88,0.52,-0.17,462.0,10.73,8.53,-2.82,20.4,1.0,q1_q17_dr25_tce,5776.0,138.0,-155.0,4.554,0.035,-0.196,0.849,0.236,-0.079,286.96683,44.992489,14.427,0,0,0,0,0,0,0,0,0,0,0,0,0.7333333333333333,Medium,0,0,0,0,0,Low
692,6607447,K01242.01,Kepler-1 b,CANDIDATE,CANDIDATE,1.0,0,0,0,0,99.6442783,0.0001073,-0.0001073,283.236289,0.000761,-0.000761,0.966,0.029,-0.018,5.1772,0.0643,-0.0643,3215.6,29.6,-29.6,8.48,1.27,-0.55,415.0,6.98,2.77,-1.23,163.2,1.0,q1_q17_dr25_tce,6102.0,82.0,-91.0,4.447,0.04,-0.12,1.016,0.153,-0.066,292.22839,42.03537,13.75,1,0,1,0,0,0,1,0,0,0,0,1,0.73,Medium,0,0,0,1,5,High
4591,7017274,K03209.01,Kepler-1 b,CANDIDATE,CANDIDATE,0.995,0,0,0,0,11.91256675,8.508e-05,-8.508e-05,143.15988,0.00554,-0.00554,0.174,0.263,-0.174,6.126,0.153,-0.153,123.1,4.8,-4.8,2.61,0.56,-0.85,1242.0,562.27,308.91,-317.89,27.8,1.0,q1_q17_dr25_tce,6337.0,76.0,-82.0,3.893,0.253,-0.136,2.335,0.503,-0.755,285.92322,42.54985,11.915,0,0,0,0,0,0,0,0,0,1,0,1,0.73,Medium,0,0,0,1,1,Low
4206,9100953,K04500.02,Kepler-1 b,CANDIDATE,CANDIDATE,1.0,0,0,0,0,44.9851885,0.0004873,-0.0004873,150.5703,0.0111,-0.0111,0.664,0.273,-0.433,4.164,0.195,-0.195,617.8,51.1,-51.1,2.09,0.35,-0.21,433.0,8.34,4.68,-2.51,12.7,2.0,q1_q17_dr25_tce,5295.0,185.0,-185.0,4.548,0.052,-0.097,0.8,0.133,-0.082,295.90503,45.40543,15.85,0,0,0,0,0,0,0,0,0,0,0,0,0.7266666666666667,Medium,0,0,0,0,0,Low
8645,8227464,K06994.01,Kepler-1 b,CANDIDATE,CANDIDATE,0.994,0,0,0,0,4.25907841,5.855e-05,-5.855e-05,135.5815,0.0131,-0.0131,0.362,0.098,-0.362,4.513,0.335,-0.335,28.1,2.9,-2.9,0.7,0.1,-0.15,1253.0,583.12,241.46,-235.93,11.5,1.0,q1_q17_dr25_tce,5560.0,89.0,-66.0,4.173,0.201,-0.108,1.316,0.2,-0.276,289.77121,44.139969,12.832,0,0,0,0,0,0,0,0,0,0,0,0,0.72,Medium,0,0,0,0,0,Low
4801,6705026,K03374.02,Kepler-1 b,CANDIDATE,CANDIDATE,0.949,0,0,0,0,34.1086562,0.0007045,-0.0007045,158.431,0.0155,-0.0155,0.318,0.134,-0.318,6.405,0.455,-0.455,133.8,12.0,-12.0,1.95,0.38,-0.39,739.0,70.4,36.4,-27.67,11.7,2.0,q1_q17_dr25_tce,6144.0,80.0,-80.0,4.106,0.159,-0.13,1.668,0.334,-0.334,295.40979,42.150829,14.44,0,0,0,0,0,0,0,0,0,0,0,0,0.7166666666666667,Medium,0,0,0,0,0,Low
6148,4912650,K05098.01,Kepler-1 b,CANDIDATE,CANDIDATE,0.923,0,0,0,0,100.345648,0.001295,-0.001295,152.8425,0.0118,-0.0118,0.54,0.003,-0.477,7.939,0.308,-0.308,372.3,28.0,-28.0,1.57,0.11,-0.08,325.0,2.62,0.61,-0.45,15.2,1.0,q1_q17_dr25_tce,5180.0,103.0,-103.0,4.548,0.041,-0.054,0.8,0.054,-0.043,288.34174,40.09639,14.855,1,0,0,0,0,0,0,0,0,0,0,1,0.71,Medium,0,0,0,1,1,Low
253,8552202,K00914.01,Kepler-1 b,CANDIDATE,CANDIDATE,1.0,0,0,0,0,3.886655224,7.822e-06,-7.822e-06,169.73814,0.00155,-0.00155,0.649,0.053,-0.476,3.1646,0.0604,-0.0604,581.6,13.9,-13.9,1.87,0.36,-0.15,1010.0,246.29,141.54,-59.99,48.1,1.0,q1_q17_dr25_tce,5662.0,153.0,-153.0,4.61,0.032,-0.12,0.738,0.14,-0.06,288.72665,44.60751,15.371,0,0,0,0,0,0,0,0,0,0,0,0,0.71,Medium,0,0,0,0,0,Low
752,11599038,K01437.01,Kepler-1 b,CANDIDATE,CANDIDATE,1.0,0,0,0,0,7.01733571,5.169e-05,-5.169e-05,133.90592,0.00577,-0.00577,0.581,0.021,-0.475,3.567,0.18,-0.18,255.5,18.2,-18.2,1.61,0.5,-0.2,984.0,221.46,204.04,-73.17,15.5,1.0,q1_q17_dr25_tce,6052.0,163.0,-199.0,4.456,0.07,-0.21,0.967,0.304,-0.121,284.84662,49.692402,15.28,0,0,0,0,0,0,0,0,0,0,0,0,0.7066666666666667,Medium,0,0,0,0,0,Low
2710,8684730,K00319.01,Kepler-1 b,CANDIDATE,CANDIDATE,0.998,0,0,0,0,46.15119482,3.026e-05,-3.026e-05,176.626026,0.000534,-0.000534,0.904,0.003,-0.004,6.3427,0.0376,-0.0376,1817.3,7.8,-7.8,10.02,0.73,-0.4,703.0,57.8,12.87,-7.26,286.0,1.0,q1_q17_dr25_tce,5877.0,88.0,-79.0,3.927,0.015,-0.013,1.963,0.144,-0.077,290.11752,44.87294,12.711,0,0,0,0,0,0,1,0,0,0,0,1,0.7033333333333334,Medium,0,1,0,1,4,Medium
7006,10141900,K01082.04,Kepler-1 b,CANDIDATE,CANDIDATE,0.8,0,0,0,0,9.6550473,7.33e-05,-7.33e-05,137.07505,0.00692,-0.00692,0.124,0.33,-0.124,2.752,0.205,-0.205,313.1,27.4,-27.4,1.45,0.06,-0.11,705.0,58.36,9.81,-11.12,12.2,4.0,q1_q17_dr25_tce,4999.0,79.0,-79.0,4.49,0.075,-0.03,0.843,0.04,-0.06,292.14447,47.157349,15.692,0,0,0,0,0,0,0,0,0,0,0,0,0.7033333333333334,Medium,0,0,0,0,0,Low
1259,4770365,K01475.03,Kepler-1 b,CANDIDATE,CANDIDATE,0.987,0,0,0,0,4.72941177,3.075e-05,-3.075e-05,132.93871,0.00548,-0.00548,0.236,0.234,-0.236,2.234,0.156,-0.156,434.3,33.7,-33.7,1.22,0.05,-0.06,669.0,47.3,8.56,-7.89,14.6,3.0,q1_q17_dr25_tce,4224.0,84.0,-84.0,4.662,0.025,-0.02,0.603,0.027,-0.03,297.43039,39.847839,15.937,0,0,0,0,0,0,0,0,0,0,0,0,0.6866666666666666,Medium,0,0,0,0,0,Low
4829,3348216,K03448.01,Kepler-1 b,CANDIDATE,CANDIDATE,0.982,0,0,0,0,32.510844,0.0002498,-0.0002498,136.62491,0.00636,-0.00636,0.421,0.036,-0.421,3.254,0.2,-0.2,361.9,32.8,-32.8,2.62,0.44,-0.39,680.0,50.56,22.15,-16.23,12.6,1.0,q1_q17_dr25_tce,6074.0,81.0,-90.0,4.244,0.125,-0.125,1.358,0.228,-0.205,292.96008,38.431431,14.863,0,0,0,0,0,0,0,0,0,0,0,0,0.6866666666666666,Medium,0,0,0,0,0,Low
3696,8264402,K04037.01,Kepler-1 b,CANDIDATE,CANDIDATE,0.964,0,0,0,0,215.956008,0.003459,-0.003459,271.3671,0.0124,-0.0124,0.959,0.011,-0.672,10.425,0.484,-0.484,392.7,18.0,-18.0,3.36,0.58,-0.43,361.0,4.03,1.81,-1.13,23.3,1.0,q1_q17_dr25_tce,6163.0,73.0,-86.0,4.27,0.103,-0.126,1.313,0.23,-0.167,300.94568,44.164688,12.853,1,0,0,0,0,0,0,0,0,0,0,1,0.6833333333333333,Medium,0,0,0,1,1,Low
2863,6636320,K02989.01,Kepler-1 b,CANDIDATE,CANDIDATE,1.0,0,0,0,0,6.33125228,3.802e-05,-3.802e-05,137.14149,0.00482,-0.00482,0.094,0.37,-0.094,2.688,0.15,-0.15,306.6,21.8,-21.8,1.31,0.23,-0.1,822.0,108.04,59.23,-26.06,16.2,1.0,q1_q17_dr25_tce,5383.0,159.0,-159.0,4.603,0.035,-0.112,0.759,0.132,-0.057,299.08099,42.018139,15.411,0,0,0,0,0,0,0,0,0,0,0,0,0.6766666666666666,Medium,0,0,0,0,0,Low
3977,8480582,K04386.01,Kepler-1 b,CANDIDATE,CANDIDATE,0.967,0,0,0,0,18.5010898,0.0001557,-0.0001557,149.17569,0.00601,-0.00601,0.719,0.046,-0.512,3.179,0.17,-0.17,421.1,33.8,-33.8,1.62,0.24,-0.14,555.0,22.4,11.1,-5.48,14.7,1.0,q1_q17_dr25_tce,5242.0,158.0,-142.0,4.613,0.03,-0.09,0.734,0.112,-0.06,284.9725,44.567551,15.789,0,0,0,0,0,0,0,0,0,0,0,0,0.6733333333333333,Medium,0,0,0,0,0,Low
1998,6211812,K02638.01,Kepler-1 b,CANDIDATE,CANDIDATE,0.97,0,0,0,0,2.524017517,6.547e-06,-6.547e-06,133.85946,0.00221,-0.00221,0.077,0.392,-0.077,1.1968,0.0723,-0.0723,303.0,19.2,-19.2,1.5,0.31,-0.17,1203.0,495.14,324.68,-148.57,19.8,1.0,q1_q17_dr25_tce,5420.0,177.0,-161.0,4.487,0.077,-0.143,0.871,0.18,-0.097,293.94116,41.5905,15.55,0,0,0,0,0,0,0,0,0,0,0,0,0.6733333333333333,Medium,0,0,0,0,0,Low
6421,8644911,K05553.01,Kepler-1 b,CANDIDATE,CANDIDATE,0.994,0,0,0,0,120.938669,0.002468,-0.002468,246.252,0.0181,-0.0181,0.011,0.433,-0.011,8.818,0.358,-0.358,782.1,60.3,-60.3,2.32,0.45,-0.33,333.0,2.91,1.89,-1.06,15.0,1.0,q1_q17_dr25_tce,5456.0,207.0,-189.0,4.477,0.112,-0.138,0.843,0.163,-0.122,298.23279,44.756432,15.54,1,0,0,0,0,0,0,0,0,0,0,1,0.67,Medium,0,0,0,1,1,Low
7242,1432789,K00992.02,Kepler-1 b,CANDIDATE,CANDIDATE,0.961,0,0,0,0,4.57834367,6.382e-05,-6.382e-05,132.2982,0.0109,-0.0109,0.232,0.23,-0.232,3.987,0.289,-0.289,140.7,13.6,-13.6,1.44,0.23,-0.21,1206.0,499.41,210.4,-153.04,11.4,2.0,q1_q17_dr25_tce,5782.0,78.0,-78.0,4.28,0.137,-0.112,1.22,0.196,-0.176,291.49942,37.05928,15.214,0,0,0,0,0,0,0,0,0,0,0,0,0.67,Medium,0,0,0,0,0,Low
4204,7778621,K04725.01,Kepler-1 b,CANDIDATE,CANDIDATE,1.0,0,0,0,0,7.28171395,2.914e-05,-2.914e-05,137.30085,0.00321,-0.00321,0.956,0.005,-0.663,1.723,0.11,-0.11,111.6,9.3,-9.3,2.59,1.47,-1.46,1086.0,329.68,589.5,-273.7,14.4,1.0,q1_q17_dr25_tce,4970.0,164.0,-134.0,3.924,0.624,-0.336,1.806,1.02,-1.02,299.13779,43.498638,13.367,0,0,0,0,0,0,0,0,0,0,0,0,0.67,Medium,0,0,0,0,0,Low
1650,11074178,K01889.02,Kepler-1 b,CANDIDATE,CANDIDATE,0.976,0,0,0,0,9.18189122,6.36e-05,-6.36e-05,132.40505,0.00526,-0.00526,0.971,0.005,-0.678,4.343,0.239,-0.239,363.6,22.6,-22.6,2.17,0.61,-0.2,804.0,98.61,80.84,-25.96,18.2,2.0,q1_q17_dr25_tce,5741.0,155.0,-155.0,4.555,0.034,-0.195,0.846,0.236,-0.079,286.27386,48.61871,15.338,0,0,0,0,0,0,0,0,0,0,0,0,0.67,Medium,0,0,0,0,0,Low
4111,11769689,K04551.01,Kepler-1 b,CANDIDATE,CANDIDATE,0.986,0,0,0,0,14.7179342,0.0002465,-0.0002465,135.6498,0.0103,-0.0103,0.704,0.253,-0.49,5.844,0.334,-0.334,132.3,11.8,-11.8,1.25,0.42,-0.14,784.0,89.3,89.92,-27.76,12.7,1.0,q1_q17_dr25_tce,6102.0,184.0,-202.0,4.449,0.056,-0.224,1.018,0.341,-0.114,295.09201,49.940079,14.654,0,0,0,0,0,0,0,0,0,0,0,0,0.6666666666666666,Medium,0,0,0,0,0,Low
2533,4939533,K02899.01,Kepler-1 b,CANDIDATE,CANDIDATE,0.985,0,0,0,0,5.77207177,4.134e-05,-4.134e-05,134.93042,0.00528,-0.00528,0.018,0.45,-0.018,2.605,0.209,-0.209,328.5,29.0,-29.0,1.54,0.31,-0.15,915.0,165.58,100.33,-44.84,13.2,1.0,q1_q17_dr25_tce,5591.0,149.0,-166.0,4.559,0.036,-0.153,0.86,0.174,-0.08,295.84747,40.006721,15.703,0,0,0,0,0,0,0,0,0,0,0,0,0.6533333333333333,Medium,0,0,0,0,0,Low
4280,6527078,K04657.01,Kepler-1 b,CANDIDATE,CANDIDATE,0.521,0,0,0,0,7.57600886,8.526e-05,-8.526e-05,135.6293,0.011,-0.011,0.267,0.191,-0.267,3.361,0.207,-0.207,49.0,4.5,-4.5,0.54,0.09,-0.05,778.0,86.87,47.22,-23.34,12.5,1.0,q1_q17_dr25_tce,5361.0,159.0,-159.0,4.588,0.038,-0.113,0.774,0.133,-0.071,293.29279,41.997589,13.241,0,0,0,0,0,0,0,0,0,0,0,0,0.65,Medium,0,0,0,0,0,Low
2789,10252275,K03130.01,Kepler-1 b,CANDIDATE,CANDIDATE,0.988,0,0,0,0,14.8638496,0.0001155,-0.0001155,142.95729,0.0062,-0.0062,1.006,0.075,-0.73,2.705,0.317,-0.317,220.6,21.3,-21.3,2.9,0.31,-0.32,620.0,35.04,13.49,-10.43,12.3,1.0,q1_q17_dr25_tce,5159.0,153.0,-153.0,4.508,0.093,-0.085,0.8,0.088,-0.088,280.70853,47.32806,13.752,0,0,0,0,0,0,0,0,0,0,0,0,0.65,Medium,0,0,0,0,0,Low
1999,11391755,K02639.01,Kepler-1 b,CANDIDATE,CANDIDATE,0.651,0,0,0,0,25.1123362,0.0003866,-0.0003866,146.3464,0.012,-0.012,0.007,0.434,-0.007,7.922,0.455,-0.455,398.8,36.5,-36.5,2.22,0.73,-0.31,691.0,53.73,52.23,-19.86,11.8,1.0,q1_q17_dr25_tce,6133.0,171.0,-236.0,4.367,0.105,-0.21,1.112,0.366,-0.157,285.36517,49.201561,15.527,0,0,0,0,0,0,0,0,0,0,0,0,0.65,Medium,0,0,0,0,0,Low
2819,6438099,K02976.01,Kepler-1 b,CANDIDATE,CANDIDATE,0.989,0,0,0,0,21.61313362,9.547e-05,-9.547e-05,137.02689,0.00377,-0.00377,0.714,0.057,-0.507,1.52,0.128,-0.128,818.1,70.4,-70.4,1.94,0.23,-0.1,503.0,15.14,6.15,-3.12,13.8,1.0,q1_q17_dr25_tce,5267.0,156.0,-156.0,4.681,0.025,-0.075,0.632,0.075,-0.034,290.22067,41.868721,15.862,0,0,0,0,0,0,0,0,0,0,0,0,0.6466666666666666,Medium,0,0,0,0,0,Low
3333,7976520,K00687.01,Kepler-1 b,CANDIDATE,CANDIDATE,1.0,0,0,0,0,4.17838675,2.216e-05,-2.216e-05,171.98866,0.00393,-0.00393,0.617,0.009,-0.488,2.123,0.134,-0.134,316.0,23.8,-23.8,3.13,0.42,-0.73,1430.0,988.44,354.88,-435.74,15.1,1.0,q1_q17_dr25_tce,5746.0,77.0,-77.0,4.039,0.202,-0.081,1.687,0.228,-0.391,297.11713,43.71143,13.813,0,0,0,0,0,0,0,0,0,0,0,0,0.6466666666666666,Medium,0,0,0,0,0,Low
2890,8546542,K03073.01,Kepler-1 b,CANDIDATE,CANDIDATE,0.994,0,0,0,0,7.40985182,2.887e-05,-2.887e-05,138.18222,0.00304,-0.00304,0.234,0.221,-0.234,1.131,0.103,-0.103,201.1,19.3,-19.3,1.18,0.26,-0.09,818.0,105.91,72.13,-26.31,13.5,1.0,q1_q17_dr25_tce,5462.0,163.0,-163.0,4.56,0.028,-0.161,0.836,0.186,-0.066,285.7485,44.632462,14.449,0,0,0,0,0,0,0,0,0,0,0,0,0.6433333333333333,Medium,0,0,0,0,0,Low
2828,3752110,K03142.01,Kepler-1 b,CANDIDATE,CANDIDATE,0.962,0,0,0,0,27.9430245,0.0004746,-0.0004746,136.8697,0.0113,-0.0113,0.052,0.412,-0.052,6.125,0.474,-0.474,308.6,29.0,-29.0,2.21,0.68,-0.25,718.0,62.74,57.5,-19.72,12.3,1.0,q1_q17_dr25_tce,6468.0,180.0,-225.0,4.363,0.062,-0.2,1.25,0.388,-0.139,292.80722,38.884232,15.243,0,0,0,0,0,0,0,0,0,0,0,0,0.64,Medium,0,0,0,0,0,Low
4067,8890924,K04269.01,Kepler-1 b,CANDIDATE,CANDIDATE,0.998,0,0,0,0,26.6565737,0.0002052,-0.0002052,131.59433,0.00685,-0.00685,0.686,0.242,-0.48,4.954,0.173,-0.173,163.4,9.4,-9.4,4.15,1.28,-2.98,903.0,157.45,149.44,-146.41,18.8,1.0,q1_q17_dr25_tce,5159.0,171.0,-155.0,3.604,0.863,-0.23,3.062,0.943,-2.2,293.79684,45.160728,13.263,0,0,0,0,0,0,0,0,1,1,0,1,0.6333333333333333,Medium,0,0,0,1,3,Medium
1539,5731623,K01793.01,Kepler-1 b,CANDIDATE,CANDIDATE,1.0,0,0,0,0,3.261759866,1.167e-06,-1.167e-06,131.778858,0.000322,-0.000322,0.949,0.035,-0.026,1.7593,0.0301,-0.0301,3876.1,32.2,-32.2,8.01,2.66,-0.89,1262.0,599.54,605.46,-194.11,190.4,1.0,q1_q17_dr25_tce,6131.0,191.0,-234.0,4.497,0.054,-0.229,0.945,0.315,-0.105,298.31674,40.996101,15.28,0,0,1,0,0,0,1,0,0,0,0,1,0.6333333333333333,Medium,0,0,0,1,5,High
9176,6837283,K02914.01,Kepler-1 b,CANDIDATE,CANDIDATE,0.988,0,0,0,0,21.1181653,0.0001574,-0.0001574,133.59196,0.00621,-0.00621,0.675,0.253,-0.452,9.734,0.176,-0.176,112.7,4.9,-4.9,2.89,0.54,-1.02,1110.0,359.11,205.87,-223.64,26.3,1.0,q1_q17_dr25_tce,6461.0,175.0,-175.0,3.779,0.293,-0.098,2.566,0.485,-0.901,281.69159,42.397549,12.199,0,0,0,0,0,0,0,0,0,1,0,1,0.6266666666666667,Medium,0,0,0,1,1,Low
631,10002261,K00959.01,Kepler-1 b,CANDIDATE,CANDIDATE,0.729,0,0,0,0,12.713794177,2.6e-07,-2.6e-07,175.0725677,1.5e-05,-1.5e-05,0.485,0.081,-0.072,2.44093,0.00378,-0.00378,36719.0,12.0,-12.0,2.31,0.0,0.0,181.0,0.26,0.0,0.0,2981.3,1.0,q1_q17_dr25_tce,2661.0,0.0,0.0,5.283,0.0,0.0,0.116,0.0,0.0,287.55972,46.957085,13.102,0,0,1,0,0,0,1,1,1,1,0,1,0.6266666666666667,Medium,0,1,0,1,4,Medium
1287,5039228,K01597.01,Kepler-1 b,CANDIDATE,CANDIDATE,1.0,0,0,0,0,7.79668781,2.065e-05,-2.065e-05,134.42081,0.0022,-0.0022,0.005,0.426,-0.005,4.6699,0.0639,-0.0639,361.3,8.7,-8.7,2.44,0.49,-0.13,1116.0,366.42,199.97,-65.89,48.5,1.0,q1_q17_dr25_tce,6521.0,117.0,-143.0,4.352,0.025,-0.136,1.276,0.255,-0.068,298.36884,40.173424,12.681,0,0,0,0,0,0,0,0,0,0,0,0,0.62,Medium,0,0,0,0,0,Low
5211,7017372,K03689.01,Kepler-1 b,CANDIDATE,CANDIDATE,1.0,0,0,0,0,5.24088367,2.276e-05,-2.276e-05,136.02877,0.00354,-0.00354,0.65,0.021,-0.041,3.3656,0.029,-0.029,8531.2,27.7,-27.7,12.74,3.85,-2.57,1320.0,716.85,641.99,-326.64,385.7,1.0,q1_q17_dr25_tce,6452.0,181.0,-250.0,4.241,0.17,-0.187,1.305,0.395,-0.263,285.9718,42.545712,14.014,0,0,1,0,0,0,1,0,0,0,0,1,0.6166666666666667,Medium,0,1,0,1,6,High
8346,10813078,K05831.01,Kepler-1 b,CANDIDATE,CANDIDATE,1.0,0,0,0,0,10.552241908,3.5205e-05,-3.5205e-05,132.652083,0.00413,-0.00413,0.025,0.193,-0.207,2.7355,0.142,-0.142,954.0,20.75,-20.75,1.75,0.13,-0.22,485.0,13.12,4.25,-4.58,12.3,1.0,q1_q17_dr25_tce,4031.0,139.0,-153.0,4.666,0.068,-0.023,0.585,0.044,-0.075,297.45166,48.15691,15.712,0,0,0,0,0,0,0,1,0,0,0,1,0.6133333333333333,Medium,0,0,0,1,1,Low
759,8630788,K01258.03,Kepler-1 b,CANDIDATE,CANDIDATE,0.96,0,0,0,0,148.272013,0.0008254,-0.0008254,138.00557,0.00469,-0.00469,0.883,0.069,-0.612,4.192,0.174,-0.174,1707.4,84.9,-84.9,4.3,1.12,-0.38,321.0,2.51,1.93,-0.66,21.8,3.0,q1_q17_dr25_tce,5717.0,156.0,-173.0,4.538,0.044,-0.187,0.884,0.23,-0.077,294.10818,44.770699,15.773,1,0,0,0,0,0,0,0,0,0,0,1,0.6133333333333333,Medium,0,0,0,1,3,Medium
2583,6432345,K02757.01,Kepler-1 b,CANDIDATE,CANDIDATE,0.998,0,0,0,0,234.635652,0.001384,-0.001384,172.64615,0.00488,-0.00488,0.025,0.405,-0.025,6.965,0.155,-0.155,868.5,37.9,-37.9,2.56,0.25,-0.19,267.0,1.2,0.37,-0.25,26.7,1.0,q1_q17_dr25_tce,5422.0,107.0,-107.0,4.481,0.067,-0.075,0.885,0.088,-0.066,288.15671,41.877972,14.607,1,0,0,0,0,0,0,0,0,0,0,1,0.6066666666666667,Medium,0,0,0,1,1,Low
2581,3545135,K02755.01,Kepler-1 b,CANDIDATE,CANDIDATE,0.995,0,0,0,0,8.48299282,3.908e-05,-3.908e-05,132.96583,0.00372,-0.00372,0.564,0.362,-0.354,2.505,0.11,-0.11,69.1,3.9,-3.9,0.8,0.11,-0.06,879.0,141.04,53.99,-30.47,21.3,1.0,q1_q17_dr25_tce,5827.0,104.0,-116.0,4.471,0.059,-0.11,0.933,0.126,-0.073,291.57422,38.655949,12.147,0,0,0,0,0,0,0,0,0,0,0,0,0.6066666666666667,Medium,0,0,0,0,0,Low
4340,6144039,K04602.01,Kepler-1 b,CANDIDATE,CANDIDATE,0.961,0,0,0,0,2.85855049,2.18e-05,-2.18e-05,132.28415,0.00629,-0.00629,0.972,0.014,-0.71,2.341,0.194,-0.194,85.4,9.1,-9.1,1.23,0.14,-0.13,1212.0,510.14,157.95,-122.77,11.4,1.0,q1_q17_dr25_tce,5441.0,76.0,-76.0,4.415,0.108,-0.081,0.964,0.109,-0.1,297.23273,41.433411,14.636,0,0,0,0,0,0,0,0,0,0,0,0,0.6033333333333334,Medium,0,0,0,0,0,Low
2924,11568987,K00354.02,Kepler-1 b,CANDIDATE,CANDIDATE,0.998,0,0,0,0,7.37867551,3.746e-05,-3.746e-05,135.82271,0.00402,-0.00402,0.513,0.028,-0.461,3.349,0.137,-0.137,125.1,6.4,-6.4,1.11,0.16,-0.06,933.0,178.68,70.35,-31.66,22.3,2.0,q1_q17_dr25_tce,5936.0,94.0,-130.0,4.501,0.019,-0.11,0.965,0.139,-0.05,296.41855,49.5401,13.235,0,0,0,0,0,0,0,0,0,0,0,0,0.6033333333333334,Medium,0,0,0,0,0,Low
7018,5856571,K01839.02,Kepler-1 b,CANDIDATE,CANDIDATE,0.985,0,0,0,0,80.4103783,0.0006001,-0.0006001,171.29626,0.00561,-0.00561,0.913,0.068,-0.638,3.487,0.192,-0.192,591.4,46.8,-46.8,4.93,2.86,-2.86,535.0,19.35,35.61,-16.29,14.0,2.0,q1_q17_dr25_tce,5476.0,179.0,-146.0,3.904,0.693,-0.297,1.673,0.971,-0.971,284.09457,41.182819,13.237,0,0,0,0,0,0,0,0,0,0,0,0,0.5966666666666667,Medium,0,0,0,0,2,Low
113,4544670,K00815.01,Kepler-1 b,CANDIDATE,CANDIDATE,1.0,0,0,0,0,34.84398644,4.036e-05,-4.036e-05,172.633252,0.00094,-0.00094,0.934,0.575,-0.031,2.9315,0.0702,-0.0702,4523.6,82.5,-82.5,7.61,1.72,-0.91,511.0,16.1,11.1,-5.08,76.8,1.0,q1_q17_dr25_tce,5509.0,166.0,-166.0,4.482,0.081,-0.15,0.871,0.196,-0.105,285.92001,39.624828,15.684,0,0,1,0,0,0,0,0,0,0,0,1,0.5933333333333334,Medium,0,0,0,1,5,High
4130,6369131,K04554.01,Kepler-1 b,CANDIDATE,CANDIDATE,0.971,0,0,0,0,8.0772455,0.0001396,-0.0001396,132.649,0.0149,-0.0149,0.984,0.023,-0.769,7.272,0.344,-0.344,79.2,7.3,-7.3,2.61,0.31,-0.69,1228.0,537.66,180.02,-259.57,12.5,1.0,q1_q17_dr25_tce,5684.0,85.0,-68.0,3.915,0.217,-0.093,2.032,0.247,-0.535,293.43478,41.716881,14.579,0,0,0,0,0,0,0,0,0,1,0,1,0.59,Medium,0,0,0,1,1,Low
4407,6276791,K04477.01,Kepler-1 b,CANDIDATE,CANDIDATE,0.999,0,0,0,0,5.30179786,4.201e-05,-4.201e-05,135.9927,0.00532,-0.00532,0.357,0.094,-0.357,2.24,0.155,-0.155,197.2,18.7,-18.7,1.22,0.33,-0.11,973.0,211.8,168.16,-56.35,11.5,2.0,q1_q17_dr25_tce,5749.0,153.0,-170.0,4.547,0.033,-0.187,0.864,0.234,-0.078,289.10422,41.69014,15.466,0,0,0,0,0,0,0,0,0,0,0,0,0.5866666666666667,Medium,0,0,0,0,0,Low
4275,11506654,K04586.01,Kepler-1 b,CANDIDATE,CANDIDATE,0.752,0,0,0,0,75.2116373,0.0006613,-0.0006613,202.30222,0.00603,-0.00603,0.058,0.399,-0.058,3.203,0.199,-0.199,362.6,32.7,-32.7,2.83,0.41,-0.63,516.0,16.78,6.39,-7.13,13.1,1.0,q1_q17_dr25_tce,5818.0,70.0,-79.0,4.165,0.176,-0.108,1.5,0.221,-0.331,291.51758,49.43462,14.39,0,0,0,0,0,0,0,0,0,0,0,0,0.5866666666666667,Medium,0,0,0,0,0,Low
5008,2849140,K03416.01,Kepler-1 b,CANDIDATE,CANDIDATE,0.893,0,0,0,0,11.8237228,0.000239,-0.000239,139.4199,0.0156,-0.0156,0.698,0.271,-0.491,8.518,0.489,-0.489,212.7,17.1,-17.1,1.25,0.25,-0.11,703.0,57.62,35.26,-15.09,14.2,1.0,q1_q17_dr25_tce,5559.0,149.0,-166.0,4.578,0.032,-0.128,0.803,0.164,-0.07,290.73328,38.00721,15.353,0,0,0,0,0,0,0,0,0,0,0,0,0.5833333333333334,Medium,0,0,0,0,0,Low
2067,8379705,K02507.01,Kepler-1 b,CANDIDATE,CANDIDATE,1.0,0,0,0,0,11.1296971,9.103e-05,-9.103e-05,138.57573,0.00645,-0.00645,0.572,0.383,-0.369,2.942,0.218,-0.218,371.0,30.0,-30.0,1.93,0.62,-0.2,843.0,119.44,115.92,-36.66,14.7,1.0,q1_q17_dr25_tce,6122.0,190.0,-232.0,4.487,0.052,-0.208,0.964,0.309,-0.097,296.60141,44.32526,15.859,0,0,0,0,0,0,0,0,0,0,0,0,0.58,Medium,0,0,0,0,0,Low
6111,3101178,K04963.01,Kepler-1 b,CANDIDATE,CANDIDATE,0.858,0,0,0,0,59.4037839,0.0008493,-0.0008493,159.80356,0.00994,-0.00994,0.94,0.016,-0.661,10.041,0.276,-0.276,123.5,8.2,-8.2,1.65,0.44,-0.37,570.0,24.93,19.91,-11.98,17.0,1.0,q1_q17_dr25_tce,6373.0,179.0,-247.0,4.256,0.204,-0.167,1.209,0.325,-0.266,287.04688,38.231617,11.679,0,0,0,0,0,0,0,0,0,0,0,0,0.5766666666666667,Medium,0,0,0,0,0,Low
8863,9008737,K02768.03,Kepler-1 b,CANDIDATE,CANDIDATE,1.0,0,0,0,0,11.83271013,5.347e-05,-5.347e-05,137.5928634,8.31e-05,-8.31e-05,0.548,0.041,-0.444,6.152,0.922,-0.922,176.3,28.0,-28.0,1.17,0.3,-0.1,728.0,66.51,51.58,-17.21,12.7,1.0,q1_q17_dr25_tce,5639.0,169.0,-169.0,4.551,0.031,-0.178,0.859,0.22,-0.073,286.39862,45.343529,15.228,0,0,0,0,0,0,0,0,0,0,0,0,0.5733333333333334,Medium,0,0,0,0,0,Low
5734,5992270,K01855.01,Kepler-1 b,CANDIDATE,CANDIDATE,0.025,0,0,0,0,58.4302648,0.0003914,-0.0003914,168.30179,0.00534,-0.00534,0.948,0.122,-0.053,7.18,0.521,-0.521,1849.5,90.1,-90.1,3.45,0.26,-0.34,300.0,1.91,0.54,-0.54,34.1,1.0,q1_q17_dr25_tce,4338.0,118.0,-131.0,4.643,0.056,-0.024,0.609,0.045,-0.061,299.62198,41.212509,14.782,0,0,0,0,0,0,0,0,0,0,0,0,0.5733333333333334,Medium,0,0,0,0,0,Low
4348,11357664,K04464.01,Kepler-1 b,CANDIDATE,CANDIDATE,0.949,0,0,0,0,4.373570433,9.256e-06,-9.256e-06,133.82814,0.00176,-0.00176,0.1,0.387,-0.1,0.623,0.119,-0.119,366.0,30.8,-30.8,1.23,0.08,-0.11,727.0,66.12,19.15,-17.22,14.5,1.0,q1_q17_dr25_tce,4362.0,131.0,-131.0,4.623,0.049,-0.021,0.64,0.045,-0.055,295.30652,49.179668,15.194,0,0,0,0,0,0,0,0,0,0,0,0,0.57,Medium,0,0,0,0,0,Low
3673,8951205,K04099.01,Kepler-1 b,CANDIDATE,CANDIDATE,0.996,0,0,0,0,4.95060632,2.014e-05,-2.014e-05,132.80914,0.00334,-0.00334,0.458,0.012,-0.458,1.719,0.125,-0.125,309.5,21.5,-21.5,1.28,0.22,-0.1,885.0,145.23,77.37,-35.55,17.4,1.0,q1_q17_dr25_tce,5431.0,162.0,-162.0,4.623,0.035,-0.105,0.717,0.12,-0.055,291.20419,45.238392,15.309,0,0,0,0,0,0,0,0,0,0,0,0,0.5666666666666667,Medium,0,0,0,0,0,Low
59,11818800,K00777.01,Kepler-1 b,CANDIDATE,CANDIDATE,0.999,0,0,0,0,40.4195037,0.0001139,-0.0001139,173.56469,0.00222,-0.00222,0.911,5.567,-0.118,3.362,0.14,-0.14,6256.0,230.0,-230.0,7.51,1.12,-0.91,467.0,11.29,5.67,-3.57,36.9,1.0,q1_q17_dr25_tce,5446.0,179.0,-163.0,4.507,0.116,-0.105,0.781,0.116,-0.095,294.31686,50.080231,15.487,0,0,1,0,0,0,0,0,0,0,0,1,0.5666666666666667,Medium,0,0,0,1,5,High
2973,4548011,K04288.04,Kepler-1 b,CANDIDATE,CANDIDATE,0.676,0,0,0,0,13.9509565,0.0001968,-0.0001968,144.287,0.0108,-0.0108,0.467,0.494,-0.259,5.231,0.332,-0.332,35.7,3.4,-3.4,0.75,0.12,-0.12,849.0,122.88,57.26,-41.93,11.2,3.0,q1_q17_dr25_tce,5888.0,105.0,-129.0,4.275,0.144,-0.108,1.227,0.207,-0.186,287.37125,39.603569,12.4,0,0,0,0,0,0,0,0,0,0,0,0,0.5633333333333334,Medium,0,0,0,0,0,Low
4457,12071754,K04914.01,Kepler-1 b,CANDIDATE,CANDIDATE,1.0,0,0,0,0,5.47455167,5.691e-05,-5.691e-05,133.55529,0.00945,-0.00945,0.931,0.023,-0.726,3.71,0.281,-0.281,73.2,8.2,-8.2,1.4,0.23,-0.27,1155.0,419.95,179.81,-162.64,10.8,1.0,q1_q17_dr25_tce,5611.0,84.0,-75.0,4.19,0.182,-0.098,1.312,0.21,-0.257,296.40094,50.558338,14.211,0,0,0,0,0,0,0,0,0,0,0,0,0.56,Medium,0,0,0,0,0,Low
1257,4770365,K01475.01,Kepler-1 b,CANDIDATE,CANDIDATE,1.0,0,0,0,0,1.609321941,3.044e-06,-3.044e-06,178.94178,0.00158,-0.00158,0.016,0.463,-0.016,1.6067,0.0505,-0.0505,728.5,24.4,-24.4,1.57,0.07,-0.08,958.0,199.28,36.07,-33.23,35.3,1.0,q1_q17_dr25_tce,4224.0,84.0,-84.0,4.662,0.025,-0.02,0.603,0.027,-0.03,297.43039,39.847839,15.937,0,0,0,0,0,0,0,0,0,0,0,0,0.5566666666666666,Medium,0,0,0,0,0,Low
8688,10118266,K04755.01,Kepler-1 b,CANDIDATE,CANDIDATE,0.999,0,0,0,0,3.74318005,1.612e-05,-1.612e-05,135.13816,0.0035,-0.0035,0.952,0.027,-0.642,1.111,0.128,-0.128,237.5,30.9,-30.9,1.75,0.12,-0.1,999.0,235.28,52.59,-39.81,10.5,1.0,q1_q17_dr25_tce,5207.0,83.0,-83.0,4.516,0.05,-0.055,0.851,0.061,-0.05,280.66519,47.114059,14.924,0,0,0,0,0,0,0,0,0,0,0,0,0.5533333333333333,Medium,0,0,0,0,0,Low
4446,10221505,K04768.01,Kepler-1 b,CANDIDATE,CANDIDATE,0.957,0,0,0,0,3.43633133,8.724e-06,-8.724e-06,132.42697,0.00187,-0.00187,0.114,0.351,-0.114,0.675,0.111,-0.111,473.5,46.8,-46.8,1.44,0.12,-0.13,945.0,188.22,62.33,-49.49,14.5,1.0,q1_q17_dr25_tce,5201.0,156.0,-156.0,4.616,0.072,-0.044,0.651,0.057,-0.057,296.78934,47.234531,15.71,0,0,0,0,0,0,0,0,0,0,0,0,0.55,Medium,0,0,0,0,0,Low
2354,4547603,K02855.01,Kepler-1 b,CANDIDATE,CANDIDATE,0.963,0,0,0,0,1.400755743,3.276e-06,-3.276e-06,132.02177,0.00196,-0.00196,0.413,0.036,-0.413,1.0562,0.0712,-0.0712,144.4,9.4,-9.4,1.3,0.19,-0.19,1628.0,1659.74,651.35,-511.97,19.8,1.0,q1_q17_dr25_tce,5487.0,82.0,-74.0,4.333,0.143,-0.104,1.072,0.156,-0.156,287.19247,39.626148,14.456,0,0,0,0,0,0,0,0,0,0,0,0,0.5433333333333333,Medium,0,0,0,0,0,Low
4141,9413156,K04700.01,Kepler-1 b,CANDIDATE,CANDIDATE,1.0,0,0,0,0,3.83488354,3.374e-05,-3.374e-05,135.08701,0.00713,-0.00713,0.242,0.22,-0.242,2.026,0.214,-0.214,243.0,26.9,-26.9,1.2,0.26,-0.11,1003.0,239.15,160.61,-68.31,10.9,1.0,q1_q17_dr25_tce,5515.0,182.0,-199.0,4.592,0.036,-0.135,0.775,0.164,-0.07,295.36145,45.914841,15.972,0,0,0,0,0,0,0,0,0,0,0,0,0.5433333333333333,Medium,0,0,0,0,0,Low
3136,10973664,K00601.02,Kepler-1 b,CANDIDATE,CANDIDATE,1.0,0,0,0,0,11.67894236,2.452e-05,-2.452e-05,131.5119,0.00177,-0.00177,0.94,0.015,-0.712,1.2641,0.0515,-0.0515,1185.1,63.8,-63.8,4.17,1.31,-0.44,830.0,112.07,103.8,-32.9,23.1,2.0,q1_q17_dr25_tce,6122.0,169.0,-190.0,4.487,0.052,-0.208,0.964,0.303,-0.101,290.84906,48.416012,14.697,0,0,0,0,0,0,0,0,0,0,0,0,0.5333333333333333,Medium,0,0,0,0,2,Low
4506,5612697,K03206.01,Kepler-1 b,CANDIDATE,CANDIDATE,0.819,0,0,0,0,15.1516409,0.0001979,-0.0001979,133.9226,0.0121,-0.0121,0.173,0.275,-0.173,5.105,0.385,-0.385,191.5,20.0,-20.0,1.38,0.0,0.0,736.0,69.25,0.0,0.0,11.4,1.0,q1_q17_dr25_tce,5780.0,157.0,-160.0,4.438,0.07,-0.128,1.0,0.251,-0.111,289.57462,40.807594,11.843,0,0,0,0,0,0,0,0,0,0,0,0,0.5266666666666666,Medium,0,0,0,0,0,Low
8551,5385410,K04323.01,Kepler-1 b,CANDIDATE,CANDIDATE,0.91,0,0,0,0,11.49589567,7.245e-05,-7.245e-05,139.38053,0.00563,-0.00563,0.295,0.149,-0.295,2.256,0.155,-0.155,108.3,9.5,-9.5,1.59,0.46,-0.42,1057.0,295.46,255.66,-156.16,13.2,1.0,q1_q17_dr25_tce,6290.0,170.0,-208.0,4.133,0.252,-0.168,1.506,0.444,-0.4,297.58194,40.5313,13.582,0,0,0,0,0,0,0,0,0,0,0,0,0.5233333333333333,Medium,0,0,0,0,0,Low
4896,5710069,K03396.01,Kepler-1 b,CANDIDATE,CANDIDATE,0.951,0,0,0,0,36.2580749,0.0005005,-0.0005005,146.8338,0.0121,-0.0121,0.786,0.189,-0.531,5.917,0.377,-0.377,380.3,35.1,-35.1,1.82,0.43,-0.15,516.0,16.7,11.45,-4.28,12.5,1.0,q1_q17_dr25_tce,5818.0,145.0,-174.0,4.554,0.04,-0.16,0.848,0.2,-0.071,293.2244,40.931931,15.553,0,0,0,0,0,0,0,0,0,0,0,0,0.5233333333333333,Medium,0,0,0,0,0,Low
1518,10158418,K01784.01,Kepler-1 b,CANDIDATE,CANDIDATE,0.999,0,0,0,0,5.007414194,1.164e-06,-1.164e-06,135.024066,0.00018,-0.00018,0.926,0.086,-0.007,1.3584,0.0168,-0.0168,4413.9,28.3,-28.3,8.8,1.42,-0.71,1114.0,363.75,162.95,-82.45,196.6,1.0,q1_q17_dr25_tce,5957.0,107.0,-131.0,4.417,0.063,-0.117,1.042,0.168,-0.084,297.64606,47.167488,13.592,0,0,1,0,0,0,1,0,0,0,0,1,0.5233333333333333,Medium,0,0,0,1,5,High
3917,6103377,K03004.02,Kepler-1 b,CANDIDATE,CANDIDATE,0.981,0,0,0,0,7.03965141,7.836e-05,-7.836e-05,137.41892,0.00969,-0.00969,0.778,0.2,-0.574,3.141,0.265,-0.265,268.7,31.1,-31.1,2.72,0.46,-0.56,1171.0,445.49,192.92,-179.96,9.8,2.0,q1_q17_dr25_tce,5902.0,70.0,-79.0,4.128,0.182,-0.098,1.513,0.256,-0.313,283.94244,41.4716,14.935,0,0,0,0,0,0,0,0,0,0,0,0,0.52,Medium,0,0,0,1,1,Low
216,7380537,K00883.01,Kepler-1 b,CANDIDATE,CANDIDATE,0.997,0,0,0,0,2.688899233,1.9e-07,-1.9e-07,170.1020904,5.61e-05,-5.61e-05,0.001,0.061,-0.001,2.11275,0.00254,-0.00254,37492.0,44.0,-44.0,12.04,1.36,-0.79,929.0,175.76,66.28,-39.88,1011.6,1.0,q1_q17_dr25_tce,4820.0,130.0,-144.0,4.667,0.027,-0.063,0.639,0.072,-0.042,296.68307,42.967869,15.766,0,0,1,0,0,0,1,0,0,0,0,1,0.5166666666666667,Medium,0,1,0,1,7,High
85,3115833,K00797.01,Kepler-1 b,CANDIDATE,CANDIDATE,1.0,0,0,0,0,10.181584004,6.188e-06,-6.188e-06,177.141891,0.000483,-0.000483,0.92,0.007,-0.005,3.5089,0.0331,-0.0331,5741.1,53.2,-53.2,7.73,2.17,-0.72,812.0,102.91,86.75,-28.91,183.6,1.0,q1_q17_dr25_tce,5988.0,179.0,-197.0,4.541,0.048,-0.192,0.836,0.234,-0.078,291.28195,38.241669,15.657,0,0,1,0,0,0,1,0,0,0,0,1,0.51,Medium,0,0,0,1,5,High
361,2307199,K00151.01,Kepler-1 b,CANDIDATE,CANDIDATE,0.752,0,0,0,0,13.4471791,1.247e-05,-1.247e-05,132.830555,0.00077,-0.00077,0.963,0.013,-0.008,3.0454,0.0546,-0.0546,1428.2,21.1,-21.1,5.24,1.64,-0.7,848.0,122.34,112.28,-42.14,105.3,1.0,q1_q17_dr25_tce,6276.0,169.0,-206.0,4.405,0.087,-0.203,1.041,0.326,-0.14,292.37476,37.630959,14.0,0,0,0,0,0,0,0,0,0,0,0,0,0.51,Medium,0,0,0,0,2,Low
6922,8158127,K01015.03,Kepler-1 b,CANDIDATE,CANDIDATE,0.705,0,0,0,0,16.9972894,0.0001286,-0.0001286,143.87301,0.00561,-0.00561,0.825,0.142,-0.593,2.585,0.209,-0.209,225.0,22.9,-22.9,3.14,0.43,-0.81,956.0,197.18,72.73,-94.49,11.1,3.0,q1_q17_dr25_tce,5897.0,79.0,-79.0,3.98,0.203,-0.072,1.86,0.259,-0.481,289.09689,44.004379,14.5,0,0,0,0,0,0,0,0,0,0,0,0,0.5066666666666667,Medium,0,0,0,0,0,Low
4266,8752940,K04730.01,Kepler-1 b,CANDIDATE,CANDIDATE,0.835,0,0,0,0,9.07829171,4.619e-05,-4.619e-05,138.25933,0.00426,-0.00426,0.164,0.406,-0.164,0.783,0.164,-0.164,530.9,99.5,-99.5,3.69,1.76,-1.77,984.0,221.32,339.83,-168.97,7.0,1.0,q1_q17_dr25_tce,5086.0,192.0,-174.0,4.002,0.526,-0.283,1.611,0.771,-0.771,291.58875,44.907509,14.383,0,0,0,0,0,0,0,0,0,0,0,0,0.4966666666666666,Low,0,0,0,1,1,Low
3072,6268648,K01613.03,Kepler-1 b,CANDIDATE,CANDIDATE,0.991,0,0,0,0,20.605501,0.0002593,-0.0002593,146.5069,0.0102,-0.0102,0.705,0.257,-0.477,3.793,0.302,-0.302,37.1,3.6,-3.6,0.85,0.04,-0.03,806.0,99.53,14.09,-13.04,11.1,4.0,q1_q17_dr25_tce,6099.0,79.0,-85.0,4.193,0.016,-0.018,1.308,0.054,-0.054,285.47659,41.632717,11.049,0,0,0,0,0,0,0,0,0,0,0,0,0.4966666666666666,Low,0,0,0,0,0,Low
3735,6140059,K04123.01,Kepler-1 b,CANDIDATE,CANDIDATE,1.0,0,0,0,0,44.6226725,0.0007691,-0.0007691,137.942,0.0137,-0.0137,0.931,0.005,-0.651,12.974,0.359,-0.359,131.9,7.3,-7.3,1.73,0.5,-0.35,613.0,33.39,27.93,-15.03,20.6,1.0,q1_q17_dr25_tce,6198.0,169.0,-206.0,4.252,0.204,-0.185,1.239,0.352,-0.256,296.3566,41.455391,13.519,0,1,0,0,0,0,0,0,0,0,0,1,0.49,Low,0,0,0,1,1,Low
4310,3557560,K04456.01,Kepler-1 b,CANDIDATE,CANDIDATE,0.962,0,0,0,0,7.4299322,0.0001552,-0.0001552,138.7701,0.0171,-0.0171,0.826,0.12,-0.623,4.013,0.574,-0.574,164.9,23.0,-23.0,1.81,0.28,-0.33,1024.0,259.7,104.28,-96.76,9.8,1.0,q1_q17_dr25_tce,5635.0,76.0,-76.0,4.23,0.168,-0.112,1.252,0.191,-0.233,294.67126,38.698971,15.128,0,0,0,0,0,0,0,0,0,0,0,0,0.4833333333333333,Low,0,0,0,1,1,Low
2040,8838950,K02421.01,Kepler-1 b,CANDIDATE,CANDIDATE,0.911,0,0,0,0,2.27050106,1.155e-05,-1.155e-05,133.54216,0.00416,-0.00416,0.473,0.465,-0.262,1.903,0.111,-0.111,106.7,7.6,-7.6,0.55,0.03,-0.03,903.0,157.05,38.78,-36.72,15.9,1.0,q1_q17_dr25_tce,4671.0,139.0,-153.0,4.721,0.048,-0.028,0.528,0.028,-0.034,298.41931,45.071442,14.363,0,0,0,0,0,0,0,0,0,0,0,0,0.4833333333333333,Low,0,0,0,0,0,Low
3084,7017274,K03209.02,Kepler-1 b,CANDIDATE,CANDIDATE,0.57,0,0,0,0,6.77067637,5.734e-05,-5.734e-05,133.34914,0.00695,-0.00695,0.127,0.322,-0.127,5.982,0.184,-0.184,65.8,3.7,-3.7,1.9,0.41,-0.61,1499.0,1193.45,655.67,-674.75,19.6,2.0,q1_q17_dr25_tce,6337.0,76.0,-82.0,3.893,0.253,-0.136,2.335,0.503,-0.755,285.92322,42.54985,11.915,0,0,0,0,0,0,0,0,0,1,0,1,0.4833333333333333,Low,0,0,0,1,1,Low
7376,9301564,K07157.01,Kepler-1 b,CANDIDATE,CANDIDATE,0.55,0,0,0,0,23.9830523,0.0009788,-0.0009788,136.7741,0.0313,-0.0313,0.096,0.348,-0.096,8.77,1.7,-1.7,83.2,7.5,-7.5,1.17,0.33,-0.36,718.0,62.83,52.92,-35.89,11.3,2.0,q1_q17_dr25_tce,5696.0,169.0,-152.0,4.178,0.312,-0.168,1.292,0.362,-0.399,298.80557,45.759998,13.863,0,0,0,0,0,0,0,0,0,0,0,0,0.48,Low,0,0,0,0,0,Low
1771,11073656,K02206.01,Kepler-1 b,CANDIDATE,CANDIDATE,0.999,0,0,0,0,1.834277283,7.851e-06,-7.851e-06,132.85895,0.00379,-0.00379,0.381,0.088,-0.381,1.7499,0.086,-0.086,286.5,14.3,-14.3,1.64,0.45,-0.2,1459.0,1068.36,901.58,-345.13,24.8,1.0,q1_q17_dr25_tce,5751.0,173.0,-190.0,4.458,0.081,-0.189,0.958,0.268,-0.115,285.96802,48.67905,15.198,0,0,0,0,0,0,0,0,0,0,0,0,0.4766666666666667,Low,0,0,0,0,0,Low
2645,9650989,K03095.01,Kepler-1 b,CANDIDATE,CANDIDATE,1.0,0,0,0,0,3.42390809,1.79e-05,-1.79e-05,132.88326,0.00423,-0.00423,0.213,0.243,-0.213,1.773,0.134,-0.134,153.1,14.0,-14.0,1.25,0.2,-0.08,1212.0,508.75,211.76,-92.51,13.1,1.0,q1_q17_dr25_tce,5788.0,78.0,-86.0,4.442,0.051,-0.119,1.015,0.161,-0.069,292.57336,46.36684,15.067,0,0,0,0,0,0,0,0,0,0,0,0,0.4733333333333333,Low,0,0,0,0,0,Low
6895,11407847,K05895.01,Kepler-1 b,CANDIDATE,CANDIDATE,0.949,0,0,0,0,11.8307724,0.000294,-0.000294,140.1105,0.0234,-0.0234,0.592,0.369,-0.383,8.791,0.532,-0.532,136.0,12.9,-12.9,1.16,0.29,-0.17,770.0,83.17,63.41,-29.6,12.4,1.0,q1_q17_dr25_tce,5550.0,166.0,-166.0,4.411,0.124,-0.186,0.958,0.241,-0.141,294.30084,49.240311,15.337,0,0,0,0,0,0,0,0,0,0,0,0,0.47,Low,0,0,0,0,0,Low
4311,12109267,K04457.01,Kepler-1 b,CANDIDATE,CANDIDATE,0.8,0,0,0,0,79.334347,0.001574,-0.001574,144.0233,0.0147,-0.0147,0.652,0.297,-0.451,10.886,0.527,-0.527,164.9,12.7,-12.7,1.56,0.46,-0.25,500.0,14.73,12.47,-5.58,14.6,1.0,q1_q17_dr25_tce,6384.0,158.0,-206.0,4.33,0.12,-0.195,1.15,0.338,-0.182,290.51242,50.649288,13.815,0,0,0,0,0,0,0,0,0,0,0,0,0.47,Low,0,0,0,0,0,Low
3598,3103212,K04145.01,Kepler-1 b,CANDIDATE,CANDIDATE,1.0,0,0,0,0,3.25424652,3.34e-05,-3.34e-05,133.5121,0.00975,-0.00975,0.665,0.297,-0.439,5.378,0.235,-0.235,82.1,5.2,-5.2,0.96,0.14,-0.08,1220.0,521.81,205.64,-106.85,18.3,1.0,q1_q17_dr25_tce,5692.0,77.0,-86.0,4.421,0.076,-0.114,1.004,0.15,-0.081,287.75903,38.281551,14.359,0,0,0,0,0,0,0,0,0,0,0,0,0.46,Low,0,0,0,0,0,Low
4409,6276791,K04477.02,Kepler-1 b,CANDIDATE,CANDIDATE,0.973,0,0,0,0,9.32867952,3.812e-05,-3.812e-05,135.87513,0.00352,-0.00352,0.035,0.417,-0.035,1.572,0.0939,-0.0939,354.4,30.1,-30.1,1.62,0.44,-0.15,806.0,99.6,79.07,-26.5,12.7,1.0,q1_q17_dr25_tce,5749.0,153.0,-170.0,4.547,0.033,-0.187,0.864,0.234,-0.078,289.10422,41.69014,15.466,0,0,0,0,0,0,0,0,0,0,0,0,0.46,Low,0,0,0,0,0,Low
6495,10658177,K05817.01,Kepler-1 b,CANDIDATE,CANDIDATE,0.95,0,0,0,0,113.083522,0.002385,-0.002385,217.1521,0.0163,-0.0163,0.039,0.414,-0.039,10.315,0.536,-0.536,130.7,12.0,-12.0,1.59,0.28,-0.31,450.0,9.65,4.42,-3.66,13.0,1.0,q1_q17_dr25_tce,5903.0,79.0,-70.0,4.179,0.176,-0.108,1.4,0.246,-0.27,288.72644,47.906872,13.336,1,0,0,0,0,0,0,0,0,0,0,1,0.46,Low,0,0,0,1,1,Low
8070,7778767,K02523.02,Kepler-1 b,CANDIDATE,CANDIDATE,0.763,0,0,0,0,2.61090223,2.113e-05,-2.113e-05,133.25501,0.00768,-0.00768,0.813,0.01,-0.578,1.976,0.201,-0.201,222.5,24.8,-24.8,1.8,0.27,-0.25,1323.0,724.16,289.86,-214.61,10.7,2.0,q1_q17_dr25_tce,5514.0,74.0,-74.0,4.345,0.132,-0.108,1.071,0.163,-0.148,299.16953,43.44109,15.829,0,0,0,0,0,0,0,0,0,0,0,0,0.46,Low,0,0,0,0,0,Low
3668,8282651,K02193.02,Kepler-1 b,CANDIDATE,CANDIDATE,0.334,0,0,0,0,4.16288745,1.684e-05,-1.684e-05,131.67875,0.00197,-0.00197,0.4265,0.2688,-0.3156,0.678,0.138,-0.138,391.7,42.2,-42.2,1.32,0.11,-0.13,763.0,80.23,24.95,-22.45,12.0,1.0,q1_q17_dr25_tce,4478.0,133.0,-130.0,4.615,0.054,-0.026,0.651,0.052,-0.065,284.10779,44.245811,15.658,0,0,0,0,0,0,0,0,0,0,0,0,0.4566666666666666,Low,0,0,0,0,0,Low
3851,7801070,K04361.01,Kepler-1 b,CANDIDATE,CANDIDATE,0.974,0,0,0,0,75.8781344,0.0003549,-0.0003549,194.67762,0.00468,-0.00468,0.705,0.266,-0.475,1.383,0.18,-0.18,1054.0,120.0,-120.0,3.39,0.91,-0.49,417.0,7.18,5.81,-2.53,11.9,1.0,q1_q17_dr25_tce,5579.0,166.0,-166.0,4.413,0.12,-0.18,0.972,0.261,-0.141,282.16364,43.510132,15.183,0,0,0,0,0,0,0,0,0,0,0,0,0.4566666666666666,Low,0,0,0,0,0,Low
9508,4770617,K02243.03,Kepler-1 b,CANDIDATE,CANDIDATE,0.972,0,0,0,0,31.4452709,0.0001698,-0.0001698,154.58136,0.00513,-0.00513,0.97,0.006,-0.725,1.758,0.108,-0.108,531.1,48.1,-48.1,4.55,0.93,-0.77,721.0,63.78,33.3,-22.03,12.7,3.0,q1_q17_dr25_tce,6172.0,74.0,-86.0,4.198,0.13,-0.13,1.471,0.301,-0.247,297.47711,39.877239,14.806,0,0,0,0,0,0,0,0,0,0,0,0,0.4533333333333333,Low,0,0,0,0,2,Low
9264,4831728,K02739.02,Kepler-1 b,CANDIDATE,CANDIDATE,0.899,0,0,0,0,7.0956395,0.0001189,-0.0001189,135.0007,0.0112,-0.0112,0.06,0.412,-0.06,3.465,0.475,-0.475,108.1,11.3,-11.3,1.2,0.19,-0.24,989.0,225.73,98.1,-88.68,10.5,2.0,q1_q17_dr25_tce,5480.0,82.0,-74.0,4.26,0.18,-0.12,1.174,0.191,-0.234,290.57672,39.95689,15.017,0,0,0,0,0,0,0,0,0,0,0,0,0.4533333333333333,Low,0,0,0,0,0,Low
2206,1996180,K02534.02,Kepler-1 b,CANDIDATE,CANDIDATE,0.922,0,0,0,0,5.42204257,6.847e-05,-6.847e-05,133.46021,0.00864,-0.00864,0.94,0.037,-0.64,2.952,0.223,-0.223,79.1,8.2,-8.2,1.39,0.26,-0.21,1222.0,527.11,272.08,-178.89,10.7,2.0,q1_q17_dr25_tce,6123.0,122.0,-134.0,4.263,0.137,-0.112,1.263,0.232,-0.19,286.3443,37.411968,13.925,0,0,0,0,0,0,0,0,0,0,0,0,0.4533333333333333,Low,0,0,0,0,0,Low
4894,3219037,K03395.01,Kepler-1 b,CANDIDATE,CANDIDATE,1.0,0,0,0,0,10.00506974,9.309e-05,-9.309e-05,136.83029,0.00853,-0.00853,0.148,0.305,-0.148,3.481,0.244,-0.244,143.3,14.1,-14.1,1.11,0.3,-0.15,849.0,122.48,99.12,-41.68,11.4,1.0,q1_q17_dr25_tce,5912.0,158.0,-175.0,4.453,0.098,-0.182,0.924,0.255,-0.127,286.54041,38.3326,14.634,0,0,0,0,0,0,0,0,0,0,0,0,0.45,Low,0,0,0,0,0,Low
4188,10937749,K04499.01,Kepler-1 b,CANDIDATE,CANDIDATE,1.0,0,0,0,0,5.19898615,3.909e-05,-3.909e-05,133.05317,0.00585,-0.00585,0.428,0.032,-0.428,2.359,0.184,-0.184,136.8,14.0,-14.0,1.04,0.29,-0.1,1035.0,271.21,226.14,-76.95,11.5,1.0,q1_q17_dr25_tce,6058.0,164.0,-201.0,4.54,0.048,-0.204,0.867,0.246,-0.082,298.78278,48.312809,14.652,0,0,0,0,0,0,0,0,0,0,0,0,0.4466666666666666,Low,0,0,0,0,0,Low
3576,7256914,K04136.01,Kepler-1 b,CANDIDATE,CANDIDATE,0.982,0,0,0,0,2.41750021,2.156e-05,-2.156e-05,133.80584,0.00748,-0.00748,0.895,0.024,-0.613,4.33,0.22,-0.22,58.2,4.2,-4.2,1.19,0.19,-0.25,1507.0,1221.36,519.24,-502.54,15.2,1.0,q1_q17_dr25_tce,5575.0,83.0,-75.0,4.189,0.188,-0.101,1.308,0.208,-0.277,281.82318,42.811169,13.955,0,0,0,0,0,0,0,0,0,0,0,0,0.4466666666666666,Low,0,0,0,0,0,Low
5130,4820550,K03823.01,Kepler-1 b,CANDIDATE,CANDIDATE,1.0,0,0,0,0,202.1168173,0.0005442,-0.0005442,292.05064,0.00185,-0.00185,0.906,0.01,-0.028,4.683,0.154,-0.154,2701.2,58.2,-58.2,5.8,0.72,-0.34,286.0,1.59,0.53,-0.26,56.3,1.0,q1_q17_dr25_tce,5536.0,74.0,-83.0,4.498,0.038,-0.113,0.917,0.115,-0.053,286.77145,39.983822,13.922,1,0,0,0,0,0,0,0,0,0,0,1,0.44,Low,0,0,0,1,3,Medium
3766,6350882,K04410.01,Kepler-1 b,CANDIDATE,CANDIDATE,1.0,0,0,0,0,5.04404366,3.934e-05,-3.934e-05,136.00785,0.00577,-0.00577,0.08,0.386,-0.08,1.682,0.172,-0.172,236.5,24.6,-24.6,1.47,0.49,-0.17,1078.0,318.92,325.46,-100.89,11.6,1.0,q1_q17_dr25_tce,6039.0,189.0,-210.0,4.493,0.054,-0.229,0.951,0.32,-0.107,287.04236,41.752209,15.744,0,0,0,0,0,0,0,0,0,0,0,0,0.44,Low,0,0,0,0,0,Low
3913,9702006,K04372.01,Kepler-1 b,CANDIDATE,CANDIDATE,0.977,0,0,0,0,6.24564633,5.436e-05,-5.436e-05,137.16241,0.0071,-0.0071,0.594,0.382,-0.384,2.459,0.182,-0.182,212.0,21.2,-21.2,1.06,0.12,-0.07,731.0,67.62,27.85,-16.43,11.9,1.0,q1_q17_dr25_tce,4858.0,161.0,-161.0,4.622,0.027,-0.059,0.707,0.08,-0.049,287.96814,46.470612,15.485,0,0,0,0,0,0,0,0,0,0,0,0,0.44,Low,0,0,0,0,0,Low
3263,9703198,K00469.01,Kepler-1 b,CANDIDATE,CANDIDATE,1.0,0,0,0,0,10.32906563,4.582e-06,-4.582e-06,174.608213,0.000349,-0.000349,0.923,0.029,-0.208,1.44,0.108,-0.108,2309.8,37.7,-37.7,6.17,1.84,-0.66,908.0,160.44,140.41,-48.47,114.8,1.0,q1_q17_dr25_tce,6228.0,168.0,-205.0,4.441,0.065,-0.195,1.049,0.313,-0.112,288.63785,46.421471,14.711,0,0,0,0,0,0,0,0,0,0,0,0,0.4366666666666666,Low,0,0,0,0,2,Low
766,6766634,K01375.01,Kepler-1 b,CANDIDATE,CANDIDATE,0.677,0,0,0,0,321.2124365,0.0004036,-0.0004036,206.930556,0.000994,-0.000994,0.873,0.035,-0.581,4.012,0.165,-0.165,2358.6,33.2,-33.2,7.25,1.16,-1.17,310.0,2.17,1.0,-0.76,81.7,1.0,q1_q17_dr25_tce,6018.0,120.0,-120.0,4.257,0.137,-0.112,1.286,0.207,-0.207,288.32043,42.261414,13.709,1,0,0,0,0,0,0,0,0,0,0,1,0.4366666666666666,Low,0,0,0,1,3,Medium
4567,6358937,K04794.01,Kepler-1 b,CANDIDATE,CANDIDATE,0.744,0,0,0,0,24.5041103,0.000659,-0.000659,140.1805,0.0196,-0.0196,0.178,0.295,-0.178,6.065,0.432,-0.432,119.5,12.3,-12.3,1.03,0.19,-0.12,574.0,25.59,13.03,-6.77,11.3,1.0,q1_q17_dr25_tce,5250.0,86.0,-78.0,4.404,0.098,-0.14,0.962,0.182,-0.112,290.09427,41.742779,14.375,0,0,0,0,0,0,0,0,0,0,0,0,0.4233333333333333,Low,0,0,0,0,0,Low
1255,7499398,K01473.01,Kepler-1 b,CANDIDATE,CANDIDATE,1.0,0,0,0,0,23.02028478,2.765e-05,-2.765e-05,357.786124,0.000837,-0.000837,0.794,0.007,-0.42,3.544,0.131,-0.131,5077.8,62.7,-62.7,7.58,2.11,-0.71,604.0,31.4,26.25,-9.06,97.2,1.0,q1_q17_dr25_tce,5613.0,166.0,-200.0,4.496,0.048,-0.192,0.956,0.266,-0.089,280.36023,43.12368,15.573,0,0,1,0,0,0,0,0,0,0,0,1,0.4166666666666667,Low,0,0,0,1,5,High
2143,6516185,K02445.01,Kepler-1 b,CANDIDATE,CANDIDATE,0.989,0,0,0,0,47.3659328,0.0008396,-0.0008396,175.0355,0.0131,-0.0131,1.085,72.31,-6.696,7.929,0.558,-0.558,757.0,54.8,-54.8,11.97,3.3,-1.42,481.0,12.62,10.47,-4.03,16.0,1.0,q1_q17_dr25_tce,5708.0,169.0,-186.0,4.482,0.078,-0.182,0.902,0.249,-0.107,289.88446,41.906551,15.817,0,0,0,0,0,0,0,0,0,0,0,0,0.4133333333333333,Low,0,1,0,0,3,Medium
3981,6938264,K04180.01,Kepler-1 b,CANDIDATE,CANDIDATE,1.0,0,0,0,0,1.121634781,3.969e-06,-3.969e-06,132.31311,0.00296,-0.00296,0.409,0.053,-0.409,1.155,0.111,-0.111,71.5,6.3,-6.3,0.6,0.03,-0.04,1225.0,529.9,131.86,-139.4,14.8,1.0,q1_q17_dr25_tce,4518.0,143.0,-159.0,4.589,0.042,-0.025,0.72,0.036,-0.056,288.44305,42.45676,13.958,0,0,0,0,0,0,0,0,0,0,0,0,0.41,Low,0,0,0,0,0,Low
2478,5794570,K02675.02,Kepler-1 b,CANDIDATE,CANDIDATE,1.0,0,0,0,0,1.116127169,3.261e-06,-3.261e-06,131.84982,0.00237,-0.00237,0.648,0.299,-0.448,1.3235,0.0727,-0.0727,109.2,6.7,-6.7,1.0,0.14,-0.05,1659.0,1797.63,712.87,-312.68,19.2,2.0,q1_q17_dr25_tce,5721.0,103.0,-126.0,4.517,0.028,-0.112,0.905,0.127,-0.045,292.97125,41.03577,12.43,0,0,0,0,0,0,0,0,0,0,0,0,0.4033333333333333,Low,0,0,0,0,0,Low
4230,4545570,K04506.01,Kepler-1 b,CANDIDATE,CANDIDATE,0.997,0,0,0,0,5.60473115,5.104e-05,-5.104e-05,131.62861,0.00763,-0.00763,0.221,0.23,-0.221,2.885,0.246,-0.246,210.0,20.9,-20.9,1.11,0.19,-0.09,866.0,132.98,71.42,-34.17,11.9,1.0,q1_q17_dr25_tce,5401.0,159.0,-159.0,4.593,0.035,-0.112,0.777,0.132,-0.066,286.33011,39.683182,15.683,0,0,0,0,0,0,0,0,0,0,0,0,0.3966666666666666,Low,0,0,0,0,0,Low
6045,6805414,K05329.01,Kepler-1 b,CANDIDATE,CANDIDATE,0.999,0,0,0,0,200.2350497,0.0005895,-0.0005895,305.44985,0.00207,-0.00207,0.674,0.017,-0.02,23.612,0.167,-0.167,10812.0,59.0,-59.0,10.99,3.4,-1.21,325.0,2.63,2.46,-0.85,220.6,1.0,q1_q17_dr25_tce,6108.0,189.0,-232.0,4.471,0.054,-0.216,0.997,0.308,-0.11,298.64493,42.285831,15.392,1,1,1,0,0,0,1,0,0,0,0,1,0.3966666666666666,Low,0,1,0,1,7,High
6470,7900450,K05441.01,Kepler-1 b,CANDIDATE,CANDIDATE,1.0,0,0,0,0,25.4805211,0.000476,-0.000476,145.4404,0.0129,-0.0129,0.186,0.277,-0.186,10.701,0.376,-0.376,159.0,10.5,-10.5,1.25,0.39,-0.13,659.0,44.67,39.53,-13.27,17.7,1.0,q1_q17_dr25_tce,6250.0,150.0,-206.0,4.472,0.052,-0.208,0.986,0.305,-0.102,294.96277,43.671661,13.181,0,0,0,0,0,0,0,0,0,0,0,0,0.39,Low,0,0,0,0,0,Low
3785,7673841,K02585.03,Kepler-1 b,CANDIDATE,CANDIDATE,0.953,0,0,0,0,7.87845756,8.424e-05,-8.424e-05,138.58644,0.00901,-0.00901,0.562,0.007,-0.481,3.912,0.272,-0.272,44.1,4.6,-4.6,0.78,0.11,-0.14,989.0,226.11,94.9,-84.05,10.5,3.0,q1_q17_dr25_tce,5767.0,115.0,-104.0,4.287,0.162,-0.108,1.135,0.165,-0.202,288.66077,43.36808,13.455,0,0,0,0,0,0,0,0,0,0,0,0,0.3866666666666666,Low,0,0,0,0,0,Low
8960,10352333,K03991.01,Kepler-1 b,CANDIDATE,CANDIDATE,1.0,0,0,0,0,1.570592397,1.603e-06,-1.603e-06,131.530377,0.000812,-0.000812,0.031,0.438,-0.031,0.623,0.0466,-0.0466,214.4,9.2,-9.2,1.37,0.14,-0.15,1480.0,1135.98,325.72,-284.9,29.7,1.0,q1_q17_dr25_tce,5519.0,83.0,-74.0,4.431,0.108,-0.072,0.921,0.093,-0.102,296.50354,47.486919,13.14,0,0,0,0,0,0,0,0,0,0,0,0,0.3833333333333333,Low,0,0,0,0,0,Low
5078,9230021,K03429.01,Kepler-1 b,CANDIDATE,CANDIDATE,0.892,0,0,0,0,15.8283833,0.0004557,-0.0004557,144.3927,0.0257,-0.0257,0.623,0.0,-0.498,3.643,0.527,-0.527,227.5,33.0,-33.0,1.8,0.28,-0.28,758.0,78.2,32.54,-25.35,9.8,2.0,q1_q17_dr25_tce,5596.0,83.0,-75.0,4.298,0.143,-0.104,1.145,0.178,-0.178,296.19614,45.634331,15.364,0,0,0,0,0,0,0,0,0,0,0,0,0.3766666666666666,Low,0,0,0,1,1,Low
6375,10394802,K05790.01,Kepler-1 b,CANDIDATE,CANDIDATE,0.803,0,0,0,0,178.266978,0.002828,-0.002828,229.75414,0.00929,-0.00929,0.886,0.048,-0.663,5.276,0.282,-0.282,1857.0,177.0,-177.0,3.71,0.32,-0.1,241.0,0.8,0.21,-0.09,12.5,1.0,q1_q17_dr25_tce,4899.0,77.0,-87.0,4.624,0.007,-0.063,0.713,0.062,-0.018,287.29132,47.598251,15.518,1,0,0,0,0,0,0,0,0,0,0,1,0.3733333333333333,Low,0,0,0,1,1,Low
8861,5816144,K06137.01,Kepler-1 b,CANDIDATE,CANDIDATE,1.0,0,0,0,0,12.4970599,0.0001533,-0.0001533,140.8987,0.0103,-0.0103,0.65,0.303,-0.449,3.877,0.283,-0.283,180.0,18.9,-18.9,1.44,0.5,-0.16,839.0,117.3,120.38,-36.67,10.6,1.0,q1_q17_dr25_tce,6174.0,185.0,-203.0,4.445,0.07,-0.224,1.021,0.349,-0.116,298.19412,41.029331,14.191,0,0,0,0,0,0,0,0,0,0,0,0,0.3666666666666666,Low,0,0,0,0,0,Low
8080,3547178,K06342.01,Kepler-1 b,CANDIDATE,CANDIDATE,0.984,0,0,0,0,8.1770751,0.0001308,-0.0001308,136.8217,0.0115,-0.0115,0.456,0.498,-0.256,4.608,0.352,-0.352,44.3,4.7,-4.7,0.83,0.22,-0.15,1115.0,365.09,278.5,-145.41,10.6,1.0,q1_q17_dr25_tce,6501.0,147.0,-180.0,4.281,0.149,-0.182,1.209,0.326,-0.217,292.10071,38.61499,12.419,0,0,0,0,0,0,0,0,0,0,0,0,0.3533333333333333,Low,0,0,0,0,0,Low
6972,5613330,K00649.02,Kepler-1 b,CANDIDATE,CANDIDATE,0.616,0,0,0,0,10.2090268,0.0001879,-0.0001879,140.6805,0.0185,-0.0185,0.213,0.232,-0.213,6.264,0.564,-0.564,36.7,4.4,-4.4,0.92,0.17,-0.13,1058.0,296.42,148.26,-100.16,9.8,2.0,q1_q17_dr25_tce,6188.0,110.0,-135.0,4.196,0.115,-0.126,1.524,0.278,-0.228,289.77325,40.80072,13.31,0,0,0,0,0,0,0,0,0,0,0,0,0.35,Low,0,0,0,1,1,Low
8655,3849187,K04780.01,Kepler-1 b,CANDIDATE,CANDIDATE,1.0,0,0,0,0,6.60180003,8.971e-05,-8.971e-05,137.476,0.0107,-0.0107,0.204,0.261,-0.204,2.624,0.322,-0.322,213.4,31.5,-31.5,1.25,0.29,-0.1,875.0,138.25,98.33,-34.58,8.1,1.0,q1_q17_dr25_tce,5591.0,150.0,-166.0,4.559,0.032,-0.179,0.86,0.207,-0.069,291.13574,38.90543,15.414,0,0,0,0,0,0,0,0,0,0,0,0,0.34,Low,0,0,0,1,1,Low
8377,3765692,K06358.01,Kepler-1 b,CANDIDATE,CANDIDATE,0.184,0,0,0,0,3.09383248,2.28e-05,-2.28e-05,132.75691,0.00637,-0.00637,0.356,0.1,-0.356,1.576,0.241,-0.241,373.7,51.3,-51.3,1.32,0.21,-0.09,998.0,233.91,126.41,-55.14,9.7,1.0,q1_q17_dr25_tce,5327.0,190.0,-169.0,4.646,0.032,-0.097,0.681,0.107,-0.046,295.92456,38.876968,15.896,0,0,0,0,0,0,0,0,0,0,0,0,0.34,Low,0,0,0,1,1,Low
2485,9472074,K02735.01,Kepler-1 b,CANDIDATE,CANDIDATE,1.0,0,0,0,0,0.558841234,7.91e-07,-7.91e-07,131.57991,0.00119,-0.00119,0.307,0.146,-0.307,0.7918,0.0534,-0.0534,280.9,15.6,-15.6,1.33,0.18,-0.09,1787.0,2412.15,1076.7,-528.21,26.3,1.0,q1_q17_dr25_tce,5151.0,154.0,-138.0,4.592,0.024,-0.102,0.792,0.106,-0.053,294.59656,46.048302,15.6,0,0,0,0,0,1,0,0,0,0,0,1,0.34,Low,0,0,0,1,1,Low
4469,8626325,K04775.01,Kepler-1 b,CANDIDATE,CANDIDATE,0.625,0,0,0,0,16.4491515,0.0002729,-0.0002729,145.7441,0.0142,-0.0142,0.866,0.05,-0.586,6.696,0.445,-0.445,70.9,7.5,-7.5,2.75,0.58,-1.08,1036.0,272.9,196.21,-187.63,11.0,1.0,q1_q17_dr25_tce,5334.0,214.0,-214.0,3.712,0.308,-0.132,2.789,0.591,-1.097,292.40323,44.782009,12.999,0,0,0,0,0,0,0,0,1,1,0,1,0.34,Low,0,0,0,1,1,Low
4540,8331612,K03318.01,Kepler-1 b,CANDIDATE,CANDIDATE,0.95,0,0,0,0,13.8353959,0.0002748,-0.0002748,134.3082,0.0162,-0.0162,0.94,0.024,-0.727,4.961,0.356,-0.356,818.0,90.4,-90.4,3.78,1.22,-0.52,809.0,101.05,101.83,-35.97,10.3,1.0,q1_q17_dr25_tce,6020.0,211.0,-211.0,4.403,0.087,-0.203,1.057,0.341,-0.146,301.27869,44.25053,15.842,0,0,0,0,0,0,0,0,0,0,0,0,0.3366666666666666,Low,0,0,0,0,0,Low
8534,9340411,K07162.01,Kepler-1 b,CANDIDATE,CANDIDATE,0.979,0,0,0,0,5.1581317,0.0001111,-0.0001111,131.7314,0.021,-0.021,0.032,0.425,-0.032,7.773,0.573,-0.573,37.9,3.5,-3.5,2.02,0.4,-0.5,1642.0,1720.62,983.7,-840.06,13.0,1.0,q1_q17_dr25_tce,5155.0,116.0,-142.0,3.511,0.192,-0.157,3.355,0.668,-0.817,291.0527,45.835129,13.031,0,0,0,0,0,0,0,0,1,1,0,1,0.3333333333333333,Low,0,0,0,1,1,Low
862,3534076,K01209.01,Kepler-1 b,CANDIDATE,CANDIDATE,0.334,0,0,0,0,272.0868353,0.0008514,-0.0008514,378.13721,0.00202,-0.00202,0.3629,0.111,-0.3629,2.7145,0.0937,-0.0937,5572.0,296.0,-296.0,5.95,2.67,-0.53,251.0,0.93,1.33,-0.25,21.5,1.0,q1_q17_dr25_tce,5587.0,208.0,-168.0,4.548,0.047,-0.273,0.791,0.355,-0.071,288.31436,38.693291,15.166,1,0,1,0,0,0,0,0,0,0,0,1,0.33,Low,0,0,0,1,5,High
7338,6964929,K02756.02,Kepler-1 b,CANDIDATE,CANDIDATE,0.334,0,0,0,0,5.06993245,7.75e-05,-7.75e-05,135.836,0.0111,-0.0111,0.3584,0.0963,-0.3584,3.241,0.37,-0.37,93.6,9.9,-9.9,0.92,0.33,-0.09,1053.0,291.11,310.53,-78.75,11.6,2.0,q1_q17_dr24_tce,5957.0,154.0,-187.0,4.506,0.039,-0.039,0.937,0.343,-0.084,296.23282,42.47279,14.758,0,0,0,0,0,0,0,0,0,0,0,0,0.3233333333333333,Low,0,0,0,0,0,Low
4637,8094120,K04881.01,Kepler-1 b,CANDIDATE,CANDIDATE,0.979,0,0,0,0,5.6795377,0.0001039,-0.0001039,132.95,0.0154,-0.0154,0.196,0.254,-0.196,3.757,0.326,-0.326,52.0,4.5,-4.5,1.16,0.33,-0.37,1420.0,961.1,818.95,-572.46,12.5,2.0,q1_q17_dr25_tce,6514.0,181.0,-227.0,4.09,0.258,-0.172,1.585,0.457,-0.503,290.55087,43.994362,12.892,0,0,0,0,0,0,0,0,0,0,0,0,0.3233333333333333,Low,0,0,0,0,0,Low
9217,11443757,K08054.01,Kepler-1 b,CANDIDATE,CANDIDATE,0.995,0,0,0,0,43.9088053,0.0007351,-0.0007351,169.335,0.0155,-0.0155,0.272,0.18,-0.272,6.265,0.506,-0.506,297.8,25.6,-25.6,7.33,1.87,-4.38,885.0,144.75,115.28,-124.24,13.7,1.0,q1_q17_dr25_tce,5216.0,172.0,-172.0,3.402,0.592,-0.197,4.303,1.102,-2.571,285.08685,49.36282,13.589,0,0,0,0,0,0,0,0,1,1,0,1,0.3233333333333333,Low,0,0,0,1,3,Medium
3929,5175024,K02563.02,Kepler-1 b,CANDIDATE,CANDIDATE,0.98,0,0,0,0,6.2614227,0.0001055,-0.0001055,133.2299,0.0123,-0.0123,0.069,0.389,-0.069,4.779,0.439,-0.439,51.4,5.7,-5.7,0.81,0.25,-0.11,1146.0,407.58,365.13,-140.1,10.6,2.0,q1_q17_dr25_tce,6384.0,151.0,-207.0,4.361,0.087,-0.203,1.121,0.352,-0.151,288.09564,40.365971,13.973,0,0,0,0,0,0,0,0,0,0,0,0,0.32,Low,0,0,0,0,0,Low
7718,11650543,K07467.01,Kepler-1 b,CANDIDATE,CANDIDATE,0.334,0,0,0,0,7.20558084,9.029e-05,-9.029e-05,138.3055,0.0107,-0.0107,0.5196,0.0129,-0.4491,2.997,0.288,-0.288,58.0,7.6,-7.6,1.33,0.56,-0.46,1253.0,582.45,753.9,-363.36,8.7,1.0,q1_q17_dr24_tce,6002.0,188.0,-210.0,4.025,0.308,-0.308,1.693,0.718,-0.578,284.95026,49.747147,13.553,0,0,0,0,0,0,0,0,0,0,0,0,0.3166666666666666,Low,0,0,0,1,1,Low
6616,7130612,K05359.01,Kepler-1 b,CANDIDATE,CANDIDATE,0.334,0,0,0,0,2.7200197,0.000389,-0.000389,133.3342,0.0636,-0.0636,0.0078,0.4463,-0.0078,1.874,0.207,-0.207,869.0,126.0,-126.0,1.53,0.14,-0.15,713.0,61.08,16.08,-13.58,8.5,1.0,q1_q17_dr24_tce,3939.0,52.0,-51.0,4.735,0.06,-0.06,0.527,0.05,-0.05,295.41357,42.663071,16.56,0,0,0,0,0,0,0,1,0,0,0,1,0.3133333333333333,Low,0,0,0,1,2,Low
4511,8360041,K04854.01,Kepler-1 b,CANDIDATE,CANDIDATE,0.984,0,0,0,0,2.63527677,2.09e-05,-2.09e-05,133.97919,0.00527,-0.00527,0.646,0.015,-0.5,1.997,0.2,-0.2,70.4,7.9,-7.9,0.76,0.05,-0.06,1136.0,394.32,83.99,-77.27,10.7,1.0,q1_q17_dr25_tce,5215.0,83.0,-83.0,4.496,0.066,-0.05,0.864,0.058,-0.064,289.80804,44.362518,14.342,0,0,0,0,0,0,0,0,0,0,0,0,0.31,Low,0,0,0,0,0,Low
803,8813698,K01268.01,Kepler-1 b,CANDIDATE,CANDIDATE,0.996,0,0,0,0,268.9410974,0.0004975,-0.0004975,360.070904,0.000951,-0.000951,0.765,0.02,-0.035,5.4434,0.0914,-0.0914,9010.2,87.4,-87.4,13.57,2.3,-2.31,321.0,2.52,1.12,-0.87,120.4,1.0,q1_q17_dr25_tce,5798.0,78.0,-78.0,4.224,0.156,-0.104,1.306,0.222,-0.222,289.88962,45.005669,14.814,1,0,1,0,0,0,0,0,0,0,0,1,0.31,Low,0,1,0,1,6,High
4225,6264750,K04715.01,Kepler-1 b,CANDIDATE,CANDIDATE,0.844,0,0,0,0,53.285584,0.001112,-0.001112,172.297,0.017,-0.017,0.754,0.057,-0.527,6.492,0.445,-0.445,158.6,17.1,-17.1,1.44,0.42,-0.33,537.0,19.63,17.36,-9.56,11.0,1.0,q1_q17_dr25_tce,6015.0,200.0,-200.0,4.297,0.236,-0.193,1.057,0.302,-0.247,283.57269,41.695728,13.98,0,0,0,0,0,0,0,0,0,0,0,0,0.3066666666666666,Low,0,0,0,0,0,Low
1936,7120108,K02325.01,Kepler-1 b,CANDIDATE,CANDIDATE,1.0,0,0,0,0,1.025857984,1.051e-06,-1.051e-06,131.655621,0.000841,-0.000841,0.779,0.137,-0.579,0.8069,0.0351,-0.0351,270.7,10.2,-10.2,1.57,0.08,-0.1,1520.0,1264.7,226.59,-228.03,36.0,1.0,q1_q17_dr25_tce,5123.0,82.0,-82.0,4.501,0.066,-0.038,0.847,0.044,-0.055,292.51398,42.65176,14.413,0,0,0,0,0,0,0,0,0,0,0,0,0.3066666666666666,Low,0,0,0,0,0,Low
5633,5709889,K02783.01,Kepler-1 b,CANDIDATE,CANDIDATE,1.0,0,0,0,0,0.526887517,1.146e-06,-1.146e-06,131.86561,0.00183,-0.00183,0.292,0.154,-0.292,0.8971,0.0748,-0.0748,119.9,8.4,-8.4,0.58,0.03,-0.05,1238.0,550.37,105.55,-121.16,20.6,1.0,q1_q17_dr25_tce,3945.0,70.0,-78.0,4.721,0.045,-0.021,0.519,0.028,-0.042,293.17096,40.99559,14.694,0,0,0,0,0,0,0,1,0,0,0,1,0.3066666666666666,Low,0,0,0,1,1,Low
8771,6867219,K06783.01,Kepler-1 b,CANDIDATE,CANDIDATE,0.866,0,0,0,0,11.8496351,0.0002042,-0.0002042,140.3663,0.0127,-0.0127,0.607,0.366,-0.394,3.319,0.372,-0.372,183.8,22.6,-22.6,1.31,0.4,-0.13,802.0,97.71,87.81,-28.47,9.6,1.0,q1_q17_dr25_tce,6032.0,180.0,-198.0,4.508,0.05,-0.2,0.929,0.278,-0.093,293.02472,42.325089,15.472,0,0,0,0,0,0,0,0,0,0,0,0,0.3033333333333333,Low,0,0,0,1,1,Low
8015,3346543,K06329.01,Kepler-1 b,CANDIDATE,CANDIDATE,0.709,0,0,0,0,12.4701111,0.0001809,-0.0001809,143.7236,0.0139,-0.0139,0.569,0.402,-0.374,3.616,0.465,-0.465,89.7,13.4,-13.4,2.06,0.31,-0.61,1074.0,313.87,128.52,-166.14,9.3,1.0,q1_q17_dr25_tce,5623.0,93.0,-67.0,3.877,0.233,-0.078,2.109,0.314,-0.627,292.52939,38.489079,14.024,0,0,0,0,0,0,0,0,0,1,0,1,0.3033333333333333,Low,0,0,0,1,2,Low
3166,2832589,K01942.02,Kepler-1 b,CANDIDATE,CANDIDATE,1.0,0,0,0,0,2.433703498,8.972e-06,-8.972e-06,133.83759,0.00279,-0.00279,0.952,0.01,-0.647,0.975,0.141,-0.141,258.3,35.8,-35.8,1.66,0.24,-0.12,1112.0,362.64,171.67,-89.31,10.2,2.0,q1_q17_dr25_tce,5251.0,158.0,-158.0,4.592,0.032,-0.097,0.778,0.112,-0.06,286.00674,38.009541,15.409,0,0,0,0,0,0,0,0,0,0,0,0,0.2966666666666667,Low,0,0,0,0,0,Low
5441,5386904,K03813.01,Kepler-1 b,CANDIDATE,CANDIDATE,1.0,0,0,0,0,4.8591441,0.0001155,-0.0001155,132.6666,0.0195,-0.0195,0.932,0.005,-0.009,3.8588,0.0867,-0.0867,2183.6,38.1,-38.1,6.9,2.23,-0.96,1303.0,681.41,636.46,-251.08,81.6,1.0,q1_q17_dr25_tce,6586.0,164.0,-258.0,4.361,0.07,-0.21,1.207,0.391,-0.168,297.94922,40.530708,14.113,0,0,0,0,0,0,0,0,0,0,0,0,0.2966666666666667,Low,0,0,0,0,2,Low
8094,5564082,K06600.01,Kepler-1 b,CANDIDATE,CANDIDATE,0.334,0,0,0,0,2.70581614,1.582e-05,-1.582e-05,132.53726,0.00449,-0.00449,0.6199,0.2962,-0.3618,6.56,0.156,-0.156,46.9,1.3,-1.3,0.69,0.25,-0.09,1356.0,799.75,836.22,-251.02,41.8,1.0,q1_q17_dr24_tce,5992.0,148.0,-152.0,4.42,0.098,-0.098,0.961,0.348,-0.123,299.11465,40.748619,10.715,0,0,0,0,0,0,0,0,0,0,0,0,0.2933333333333333,Low,0,0,0,0,0,Low
3772,9456281,K04207.01,Kepler-1 b,CANDIDATE,CANDIDATE,1.0,0,0,0,0,0.701944362,1.49e-06,-1.49e-06,132.00161,0.0017,-0.0017,0.07,0.383,-0.07,0.641,0.1,-0.1,210.8,18.0,-18.0,0.8,0.06,-0.09,1227.0,535.78,161.94,-165.87,17.1,1.0,q1_q17_dr25_tce,4236.0,115.0,-140.0,4.698,0.063,-0.032,0.539,0.044,-0.06,287.80502,46.00116,15.397,0,0,0,0,0,0,0,0,0,0,0,0,0.29,Low,0,0,0,0,0,Low
4549,10155029,K03208.01,Kepler-1 b,CANDIDATE,CANDIDATE,0.333,0,0,0,0,2.131660527,9.485e-06,-9.485e-06,133.13431,0.00339,-0.00339,0.036,0.421,-0.036,1.8585,0.0993,-0.0993,32.2,2.4,-2.4,0.56,0.08,-0.05,1438.0,1010.45,408.09,-247.61,15.7,1.0,q1_q17_dr25_tce,5849.0,105.0,-117.0,4.426,0.076,-0.114,0.997,0.143,-0.095,296.67984,47.173313,11.893,0,0,0,0,0,0,0,0,0,0,0,0,0.29,Low,0,0,0,0,0,Low
8716,3356193,K06331.01,Kepler-1 b,CANDIDATE,CANDIDATE,0.452,0,0,0,0,5.8229815,0.0001006,-0.0001006,133.999,0.0158,-0.0158,0.395,0.074,-0.395,2.8,0.542,-0.542,281.6,49.3,-49.3,1.36,0.33,-0.11,914.0,165.12,119.67,-44.26,8.1,1.0,q1_q17_dr25_tce,5704.0,169.0,-186.0,4.575,0.04,-0.16,0.804,0.192,-0.069,294.87256,38.43446,15.902,0,0,0,0,0,0,0,0,0,0,0,0,0.29,Low,0,0,0,1,1,Low
8321,8096395,K07587.01,Kepler-1 b,CANDIDATE,CANDIDATE,0.897,0,0,0,0,366.088938,0.004884,-0.004884,165.426,0.0107,-0.0107,0.89,0.04,-0.619,11.887,0.231,-0.231,537.9,20.6,-20.6,2.57,0.78,-0.31,257.0,1.03,0.94,-0.34,29.0,1.0,q1_q17_dr25_tce,5941.0,187.0,-208.0,4.464,0.07,-0.196,0.945,0.286,-0.114,291.35892,43.93681,11.616,1,0,0,0,0,0,0,0,0,0,0,1,0.28,Low,0,0,0,1,1,Low
6688,9147029,K05626.01,Kepler-1 b,CANDIDATE,CANDIDATE,0.334,0,0,0,0,397.499229,0.003157,-0.003157,418.76194,0.00404,-0.00404,0.5839,0.0017,-0.4824,8.019,0.189,-0.189,2629.7,94.5,-94.5,6.57,3.9,-0.91,293.0,1.73,3.15,-0.64,34.8,1.0,q1_q16_tce,6423.0,170.0,-267.0,4.37,0.066,-0.338,1.231,0.73,-0.17,288.43582,45.519852,15.312,1,0,0,0,0,0,0,0,0,0,0,1,0.28,Low,0,0,0,1,3,Medium
8986,2984990,K07641.01,Kepler-1 b,CANDIDATE,CANDIDATE,0.979,0,0,0,0,3.79437277,5.825e-05,-5.825e-05,132.1265,0.0122,-0.0122,0.05,0.401,-0.05,2.289,0.34,-0.34,83.2,13.4,-13.4,1.36,0.49,-0.61,1383.0,865.53,967.11,-625.6,7.7,1.0,q1_q17_dr25_tce,5455.0,180.0,-147.0,4.025,0.54,-0.216,1.507,0.548,-0.669,290.32401,38.111111,14.816,0,0,0,0,0,0,0,0,0,0,0,0,0.2733333333333333,Low,0,0,0,1,1,Low
861,3962440,K01208.01,Kepler-1 b,CANDIDATE,CANDIDATE,0.334,0,0,0,0,700.00298217,0.0,0.0,249.44205,0.0014,-0.0014,0.143,0.2164,-0.1429,7.6525,0.0939,-0.0939,3245.9,66.9,-66.9,6.43,3.55,-0.68,238.0,0.76,1.27,-0.23,60.3,1.0,q1_q17_dr25_tce,6487.0,164.0,-215.0,4.397,0.06,-0.329,1.118,0.617,-0.118,293.61877,39.022572,13.594,1,0,1,0,0,0,0,0,0,0,0,1,0.2733333333333333,Low,0,0,0,1,5,High
7215,8168187,K02209.02,Kepler-1 b,CANDIDATE,CANDIDATE,0.901,0,0,0,0,35.502865,0.001071,-0.001071,150.4186,0.0257,-0.0257,0.783,0.019,-0.557,8.149,0.781,-0.781,115.9,12.0,-12.0,2.18,0.52,-0.35,724.0,64.83,41.23,-21.51,11.0,2.0,q1_q17_dr25_tce,5528.0,88.0,-77.0,3.892,0.12,-0.12,1.839,0.44,-0.293,292.71445,44.082329,14.31,0,0,0,0,0,0,0,0,0,0,0,0,0.27,Low,0,0,0,0,0,Low
5087,6058816,K03500.02,Kepler-1 b,CANDIDATE,CANDIDATE,0.979,0,0,0,0,4.7482669,6.006e-05,-6.006e-05,135.8003,0.0108,-0.0108,0.673,0.292,-0.449,4.947,0.299,-0.299,35.6,3.4,-3.4,1.57,0.21,-0.55,1690.0,1927.62,706.15,-1146.93,12.1,2.0,q1_q17_dr25_tce,6056.0,81.0,-81.0,3.797,0.285,-0.095,2.481,0.343,-0.859,296.35461,41.33556,13.214,0,0,0,0,0,0,0,0,0,1,0,1,0.27,Low,0,0,0,1,1,Low
3262,8320630,K04846.02,Kepler-1 b,CANDIDATE,CANDIDATE,0.862,0,0,0,0,32.526674,0.0009035,-0.0009035,137.3054,0.0265,-0.0265,0.472,0.001,-0.472,6.842,0.653,-0.653,204.9,25.0,-25.0,1.26,0.34,-0.11,525.0,17.91,14.51,-4.92,9.7,1.0,q1_q17_dr25_tce,5668.0,169.0,-186.0,4.545,0.033,-0.187,0.868,0.233,-0.078,298.28214,44.27206,15.23,0,0,0,0,0,0,0,0,0,0,0,0,0.26,Low,0,0,0,1,1,Low
3805,4571844,K04353.01,Kepler-1 b,CANDIDATE,CANDIDATE,1.0,0,0,0,0,17.8075656,0.0008324,-0.0008324,146.88323,0.00623,-0.00623,0.474,0.001,-0.473,1.643,0.15,-0.15,1511.0,162.0,-162.0,3.92,1.2,-0.51,742.0,71.56,66.53,-25.4,11.8,1.0,q1_q17_dr25_tce,6194.0,197.0,-241.0,4.45,0.07,-0.21,0.981,0.299,-0.128,294.42126,39.628471,15.574,0,0,0,0,0,0,0,0,0,0,0,0,0.2566666666666666,Low,0,0,0,0,0,Low
6329,7625138,K05406.01,Kepler-1 b,CANDIDATE,CANDIDATE,0.334,0,0,0,0,5.71966537,5.105e-05,-5.105e-05,131.78147,0.00788,-0.00788,0.1103,0.3589,-0.1103,3.938,0.195,-0.195,19.1,1.8,-1.8,0.82,0.34,-0.29,1479.0,1131.75,1344.26,-715.95,11.3,1.0,q1_q16_tce,6356.0,151.0,-187.0,3.985,0.301,-0.212,1.865,0.767,-0.665,296.65967,43.27029,11.331,0,0,0,0,0,0,0,0,0,0,0,0,0.2566666666666666,Low,0,0,0,0,0,Low
318,10460629,K01168.01,Kepler-1 b,CANDIDATE,CANDIDATE,0.334,0,0,0,0,856.672115,0.009591,-0.009591,228.44988,0.00727,-0.00727,0.1158,0.2441,-0.1157,23.144,0.287,-0.287,858.1,27.7,-27.7,3.87,1.94,-0.75,242.0,0.81,1.22,-0.35,39.2,1.0,q1_q17_dr25_tce,6449.0,163.0,-210.0,4.232,0.163,-0.27,1.309,0.656,-0.254,287.58679,47.600021,13.997,1,1,0,0,0,0,0,0,0,0,0,1,0.2566666666666666,Low,0,0,0,1,1,Low
5003,3236705,K03343.01,Kepler-1 b,CANDIDATE,CANDIDATE,0.864,0,0,0,0,83.2664103,0.0006749,-0.0006749,194.23925,0.00641,-0.00641,0.029,0.411,-0.029,2.813,0.187,-0.187,620.0,66.3,-66.3,2.89,0.43,-0.47,439.0,8.78,3.51,-2.97,10.9,1.0,q1_q17_dr25_tce,5538.0,83.0,-74.0,4.266,0.168,-0.112,1.18,0.175,-0.194,291.85522,38.393131,14.97,0,0,0,0,0,0,0,0,0,0,0,0,0.25,Low,0,0,0,0,0,Low
5444,6507433,K03815.01,Kepler-1 b,CANDIDATE,CANDIDATE,1.0,0,0,0,0,4.7425521,2.574e-05,-2.574e-05,133.13755,0.00472,-0.00472,0.851,0.091,-0.616,1.11,0.149,-0.149,3583.0,488.0,-488.0,7.27,2.47,-0.82,1159.0,426.49,438.63,-143.72,10.9,1.0,q1_q17_dr25_tce,6161.0,193.0,-258.0,4.454,0.054,-0.229,1.053,0.357,-0.119,286.50876,41.922741,15.432,0,0,1,0,0,0,0,0,0,0,0,1,0.25,Low,0,0,0,1,5,High
7655,9596064,K07197.01,Kepler-1 b,CANDIDATE,CANDIDATE,1.0,0,0,0,0,1.74145041,4.48e-05,-4.48e-05,132.0107,0.031,-0.031,0.33,0.119,-0.33,1.712,0.18,-0.18,370.6,39.9,-39.9,1.46,0.22,-0.12,1234.0,547.5,278.89,-151.41,10.9,1.0,q1_q17_dr25_tce,5238.0,184.0,-184.0,4.598,0.032,-0.097,0.764,0.112,-0.066,294.95062,46.242149,16.269,0,0,0,0,0,0,0,0,0,0,0,0,0.2466666666666666,Low,0,0,0,0,0,Low
4373,4048898,K07678.01,Kepler-1 b,CANDIDATE,CANDIDATE,0.967,0,0,0,0,13.0914878,0.0001284,-0.0001284,143.75198,0.00731,-0.00731,0.145,0.311,-0.145,2.037,0.256,-0.256,37.5,5.7,-5.7,0.79,0.12,-0.14,892.0,149.52,62.33,-53.91,8.0,1.0,q1_q17_dr25_tce,5919.0,71.0,-79.0,4.238,0.156,-0.104,1.288,0.209,-0.23,289.24884,39.106541,11.993,0,0,0,0,0,0,0,0,0,0,0,0,0.2433333333333333,Low,0,0,0,1,1,Low
3930,9100953,K04500.03,Kepler-1 b,CANDIDATE,CANDIDATE,0.978,0,0,0,0,14.7510068,0.0001803,-0.0001803,141.1622,0.0106,-0.0106,0.75,0.227,-0.522,2.25,0.295,-0.295,381.1,46.2,-46.2,1.7,0.28,-0.17,629.0,36.94,20.7,-11.13,9.5,3.0,q1_q17_dr25_tce,5295.0,185.0,-185.0,4.548,0.052,-0.097,0.8,0.133,-0.082,295.90503,45.40543,15.85,0,0,0,0,0,0,0,0,0,0,0,0,0.24,Low,0,0,0,1,1,Low
8999,10321972,K07998.01,Kepler-1 b,CANDIDATE,CANDIDATE,0.692,0,0,0,0,122.11555,0.01898,-0.01898,228.38,0.19,-0.19,0.23,0.214,-0.23,16.07,1.3,-1.3,1104.0,106.0,-106.0,2.96,0.9,-0.56,351.0,3.6,3.44,-1.54,12.2,1.0,q1_q17_dr25_tce,5592.0,195.0,-195.0,4.418,0.156,-0.214,0.894,0.273,-0.168,283.2048,47.478271,15.546,1,1,0,0,0,0,0,0,0,0,0,1,0.2333333333333333,Low,0,0,0,1,1,Low
5956,5443320,K05169.01,Kepler-1 b,CANDIDATE,CANDIDATE,0.991,0,0,0,0,21.3684341,0.0001335,-0.0001335,143.72266,0.00532,-0.00532,0.063,0.414,-0.063,1.18,0.172,-0.172,492.8,78.3,-78.3,1.72,0.19,-0.21,551.0,21.86,8.49,-6.95,9.7,1.0,q1_q17_dr25_tce,5204.0,153.0,-153.0,4.515,0.102,-0.077,0.786,0.088,-0.097,290.20547,40.66993,15.47,0,0,0,0,0,0,0,0,0,0,0,0,0.2333333333333333,Low,0,0,0,1,1,Low
7234,4665571,K02393.02,Kepler-1 b,CANDIDATE,CANDIDATE,1.0,0,0,0,0,0.766691517,1.273e-06,-1.273e-06,132.19667,0.00138,-0.00138,0.388,0.053,-0.388,1.2638,0.0507,-0.0507,244.0,10.1,-10.1,1.22,0.05,-0.08,1541.0,1334.22,188.87,-238.99,29.5,1.0,q1_q17_dr25_tce,4821.0,76.0,-76.0,4.529,0.06,-0.02,0.788,0.028,-0.051,294.6647,39.783829,14.903,0,0,0,0,0,0,0,0,0,0,0,0,0.23,Low,0,0,0,0,0,Low
4312,8700895,K04523.01,Kepler-1 b,CANDIDATE,CANDIDATE,0.878,0,0,0,0,5.68251605,7.04e-05,-7.04e-05,131.6745,0.0105,-0.0105,0.0,0.462,0.0,3.479,0.327,-0.327,81.2,10.4,-10.4,1.03,0.17,-0.14,1090.0,333.82,142.98,-96.75,9.4,1.0,q1_q17_dr25_tce,5753.0,78.0,-78.0,4.319,0.115,-0.115,1.157,0.189,-0.155,296.04425,44.80529,14.878,0,0,0,0,0,0,0,0,0,0,0,0,0.2266666666666666,Low,0,0,0,1,1,Low
4224,12554634,K04714.01,Kepler-1 b,CANDIDATE,CANDIDATE,1.0,0,0,0,0,2.049602348,8.793e-06,-8.793e-06,132.32639,0.00346,-0.00346,0.435,0.056,-0.413,1.061,0.136,-0.136,186.1,22.4,-22.4,1.08,0.18,-0.08,1203.0,494.57,267.16,-122.06,11.3,1.0,q1_q17_dr25_tce,5356.0,159.0,-159.0,4.589,0.035,-0.112,0.78,0.133,-0.061,289.18149,51.562538,15.277,0,0,0,0,0,0,0,0,0,0,0,0,0.2266666666666666,Low,0,0,0,0,0,Low
4263,8107611,K04656.01,Kepler-1 b,CANDIDATE,CANDIDATE,1.0,0,0,0,0,3.8183717,3.846e-05,-3.846e-05,133.90812,0.00708,-0.00708,0.878,0.067,-0.637,2.687,0.218,-0.218,50.8,5.0,-5.0,1.39,0.4,-0.36,1683.0,1894.37,1608.61,-1002.54,11.8,1.0,q1_q17_dr25_tce,6738.0,189.0,-260.0,4.109,0.209,-0.171,1.692,0.485,-0.436,295.24191,43.972599,13.821,0,0,0,0,0,0,0,0,0,0,0,0,0.2266666666666666,Low,0,0,0,0,0,Low
6822,12071775,K05952.01,Kepler-1 b,CANDIDATE,CANDIDATE,0.334,0,0,0,0,164.507439,0.00452,-0.00452,212.7605,0.0209,-0.0209,0.3819,0.0915,-0.3818,11.428,0.623,-0.623,433.8,45.1,-45.1,2.15,0.77,-0.31,346.0,3.39,3.63,-1.19,11.7,1.0,q1_q16_tce,5866.0,169.0,-175.0,4.382,0.114,-0.246,1.02,0.368,-0.146,296.40887,50.585171,15.025,1,0,0,0,0,0,0,0,0,0,0,1,0.2233333333333333,Low,0,0,0,1,1,Low
1506,5108214,K01924.01,Kepler-1 b,CANDIDATE,CANDIDATE,0.999,0,0,0,0,2.11913005,2.116e-05,-2.116e-05,132.59,0.00929,-0.00929,0.67,0.006,-0.511,4.141,0.261,-0.261,28.7,1.6,-1.6,1.35,0.12,-0.15,2090.0,4512.1,1134.6,-1121.81,21.5,1.0,q1_q17_dr25_tce,5799.0,78.0,-78.0,3.813,0.078,-0.052,2.377,0.212,-0.26,294.2869,40.21381,7.837,0,0,0,0,0,1,0,0,0,1,1,1,0.2166666666666666,Low,0,0,0,1,1,Low
1147,11153121,K01647.03,Kepler-1 b,CANDIDATE,CANDIDATE,0.334,0,0,0,0,6.33027476,7.168e-05,-7.168e-05,133.86213,0.00807,-0.00807,0.3288,0.1072,-0.3286,3.67,0.277,-0.277,89.2,9.8,-9.8,1.02,0.38,-0.15,1046.0,283.31,316.95,-100.51,9.8,3.0,q1_q17_dr24_tce,5900.0,173.0,-188.0,4.363,0.114,-0.25,1.07,0.4,-0.153,298.29495,48.775459,14.167,0,0,0,0,0,0,0,0,0,0,0,0,0.2166666666666666,Low,0,0,0,1,1,Low
4610,10676750,K04804.01,Kepler-1 b,CANDIDATE,CANDIDATE,0.78,0,0,0,0,21.08678557,8.39e-05,-8.39e-05,135.5636,0.00278,-0.00278,0.702,0.253,-0.478,0.978,0.108,-0.108,499.6,58.9,-58.9,2.08,0.52,-0.17,651.0,42.44,31.53,-11.29,11.0,1.0,q1_q17_dr25_tce,6084.0,165.0,-202.0,4.542,0.044,-0.176,0.863,0.217,-0.072,296.09842,47.992699,15.185,0,0,0,0,0,0,0,0,0,0,0,0,0.2133333333333333,Low,0,0,0,0,0,Low
1967,9006186,K02169.04,Kepler-1 b,CANDIDATE,CANDIDATE,0.993,0,0,0,0,2.19251903,3.267e-05,-3.267e-05,132.2332,0.0104,-0.0104,0.616,0.362,-0.407,1.845,0.333,-0.333,18.1,3.2,-3.2,0.37,0.05,-0.01,1225.0,533.25,177.99,-78.86,6.6,4.0,q1_q17_dr25_tce,5450.0,108.0,-108.0,4.563,0.017,-0.094,0.842,0.093,-0.033,285.20749,45.38435,12.404,0,0,0,0,0,0,0,0,0,0,0,0,0.2133333333333333,Low,0,0,0,1,1,Low
8945,12600735,K00548.02,Kepler-1 b,CANDIDATE,CANDIDATE,0.813,0,0,0,0,6.0799457,0.0001125,-0.0001125,136.444,0.015,-0.015,0.097,0.354,-0.097,2.706,0.655,-0.655,55.1,7.8,-7.8,0.86,0.14,-0.08,1101.0,348.11,144.15,-77.43,7.3,2.0,q1_q17_dr25_tce,6008.0,77.0,-83.0,4.35,0.076,-0.123,1.168,0.186,-0.109,289.50067,51.68573,14.02,0,0,0,0,0,0,0,0,0,0,0,0,0.2133333333333333,Low,0,0,0,1,1,Low
7822,9693803,K07224.01,Kepler-1 b,CANDIDATE,CANDIDATE,0.334,0,0,0,0,13.4959496,0.0002598,-0.0002598,142.1992,0.02,-0.02,0.2136,0.2748,-0.2133,2.085,0.358,-0.358,253.6,45.6,-45.6,1.62,0.73,-0.15,784.0,89.25,120.55,-26.11,7.3,1.0,q1_q17_dr24_tce,5962.0,174.0,-220.0,4.464,0.047,-0.047,1.019,0.456,-0.095,283.11642,46.442699,15.669,0,0,0,0,0,0,0,0,0,0,0,0,0.21,Low,0,0,0,1,1,Low
4292,10003058,K04519.01,Kepler-1 b,CANDIDATE,CANDIDATE,0.898,0,0,0,0,148.568877,0.001881,-0.001881,139.60402,0.00733,-0.00733,0.243,0.221,-0.243,4.399,0.316,-0.316,404.4,41.5,-41.5,5.97,1.14,-1.94,555.0,22.49,11.31,-12.8,11.6,1.0,q1_q17_dr25_tce,5814.0,87.0,-79.0,3.68,0.293,-0.098,2.985,0.567,-0.971,288.01013,46.978519,14.744,1,0,0,0,0,0,0,0,1,1,0,1,0.21,Low,0,0,0,1,3,Medium
2471,6370120,K02811.01,Kepler-1 b,CANDIDATE,CANDIDATE,1.0,0,0,0,0,1.35477049,5.925e-06,-5.925e-06,131.64321,0.00346,-0.00346,0.24,0.235,-0.24,1.618,0.141,-0.141,145.3,12.6,-12.6,0.8,0.04,-0.06,1102.0,348.9,83.34,-85.51,14.8,1.0,q1_q17_dr25_tce,4414.0,132.0,-145.0,4.621,0.03,-0.03,0.689,0.034,-0.049,293.72894,41.70121,15.169,0,0,0,0,0,0,0,0,0,0,0,0,0.21,Low,0,0,0,0,0,Low
8277,2861126,K04957.02,Kepler-1 b,CANDIDATE,CANDIDATE,0.997,0,0,0,0,4.98792404,3.257e-05,-3.257e-05,133.6552,0.0061,-0.0061,0.069,0.382,-0.069,1.618,0.156,-0.156,346.2,39.5,-39.5,0.73,0.06,-0.08,485.0,13.07,3.5,-3.55,9.7,1.0,q1_q17_dr25_tce,3606.0,57.0,-72.0,4.859,0.045,-0.036,0.395,0.036,-0.044,293.2811,38.082241,15.555,0,0,0,0,0,0,0,1,0,0,0,1,0.2066666666666666,Low,0,0,0,1,2,Low
7825,10659624,K07354.01,Kepler-1 b,CANDIDATE,CANDIDATE,0.582,0,0,0,0,43.2675604,0.0008243,-0.0008243,136.4574,0.0149,-0.0149,0.818,0.145,-0.612,8.331,0.4,-0.4,69.1,8.0,-8.0,1.61,0.25,-0.46,664.0,45.99,18.53,-23.68,10.0,1.0,q1_q17_dr25_tce,5747.0,77.0,-77.0,4.018,0.262,-0.087,1.729,0.265,-0.492,289.36646,47.923851,13.468,0,0,0,0,0,0,0,0,0,0,0,0,0.2033333333333333,Low,0,0,0,0,0,Low
5781,7671950,K07846.01,Kepler-1 b,CANDIDATE,CANDIDATE,0.939,0,0,0,0,10.5994606,0.0002278,-0.0002278,134.8329,0.0202,-0.0202,0.671,0.296,-0.453,9.484,0.403,-0.403,128.8,12.9,-12.9,1.28,0.4,-0.14,896.0,152.67,144.22,-50.97,11.2,1.0,q1_q17_dr25_tce,6194.0,193.0,-258.0,4.445,0.054,-0.202,1.069,0.333,-0.119,287.81284,43.362549,15.284,0,0,0,0,0,0,0,0,0,0,0,0,0.2033333333333333,Low,0,0,0,0,0,Low
2626,6029239,K00304.02,Kepler-1 b,CANDIDATE,CANDIDATE,0.786,0,0,0,0,5.518195,0.006657,-0.006657,136.584,0.488,-0.488,0.243,0.222,-0.243,1.81,3.2,-3.2,27.1,14.3,-14.3,0.46,0.06,-0.02,969.0,208.54,79.99,-36.23,5.2,2.0,q1_q17_dr25_tce,5767.0,92.0,-126.0,4.538,0.021,-0.119,0.881,0.123,-0.044,287.08997,41.373878,12.549,0,0,0,0,0,0,0,0,0,0,0,0,0.2,Low,0,0,0,1,1,Low
3973,6937529,K04382.02,Kepler-1 b,CANDIDATE,CANDIDATE,0.334,0,0,0,0,3.98167088,5.262e-05,-5.262e-05,134.9767,0.0108,-0.0108,0.2076,0.2343,-0.2076,3.609,0.283,-0.283,44.7,5.4,-5.4,0.79,0.38,-0.09,1356.0,798.79,1117.56,-264.03,10.3,1.0,q1_q17_dr25_tce,6484.0,155.0,-225.0,4.377,0.067,-0.283,1.173,0.56,-0.143,288.16397,42.481079,14.144,0,0,0,0,0,0,0,0,0,0,0,0,0.2,Low,0,0,0,0,0,Low
8462,11904704,K07489.01,Kepler-1 b,CANDIDATE,CANDIDATE,0.999,0,0,0,0,0.565713361,2.319e-06,-2.319e-06,131.66357,0.00331,-0.00331,0.23,0.224,-0.23,0.954,0.166,-0.166,86.4,11.6,-11.6,0.81,0.12,-0.08,1917.0,3197.67,1496.47,-939.37,11.6,1.0,q1_q17_dr25_tce,5220.0,157.0,-157.0,4.48,0.086,-0.105,0.881,0.125,-0.094,286.03839,50.294441,14.722,0,0,0,0,0,1,0,0,0,0,0,1,0.2,Low,0,0,0,1,1,Low
4322,11337012,K04666.01,Kepler-1 b,CANDIDATE,CANDIDATE,1.0,0,0,0,0,12.4019263,0.0002695,-0.0002695,141.1769,0.0206,-0.0206,0.924,0.051,-0.624,4.043,0.736,-0.736,211.1,26.9,-26.9,1.49,0.32,-0.15,713.0,60.93,40.95,-16.79,9.5,1.0,q1_q17_dr25_tce,5555.0,167.0,-150.0,4.514,0.074,-0.147,0.832,0.182,-0.084,284.04172,49.138199,15.355,0,0,0,0,0,0,0,0,0,0,0,0,0.1966666666666666,Low,0,0,0,1,1,Low
5846,6974658,K02925.01,Kepler-1 b,CANDIDATE,CANDIDATE,0.999,0,0,0,0,0.716531851,1.284e-06,-1.284e-06,131.7213,0.00147,-0.00147,0.887,0.075,-0.624,0.655,0.114,-0.114,78.9,6.3,-6.3,1.11,0.33,-0.2,2034.0,4063.57,3514.37,-1622.22,17.9,1.0,q1_q17_dr25_tce,5552.0,149.0,-149.0,4.349,0.18,-0.198,1.03,0.304,-0.187,298.29819,42.434368,13.458,0,0,0,0,0,1,0,0,0,0,0,1,0.1966666666666666,Low,0,0,0,1,1,Low
9093,9521317,K07940.01,Kepler-1 b,CANDIDATE,CANDIDATE,0.896,0,0,0,0,188.881049,0.001156,-0.001156,280.06822,0.00328,-0.00328,0.504,0.452,-0.299,1.49,0.124,-0.124,325.8,30.6,-30.6,1.86,0.41,-0.19,330.0,2.79,1.83,-0.82,12.9,1.0,q1_q17_dr25_tce,6077.0,163.0,-199.0,4.471,0.052,-0.157,0.999,0.22,-0.102,289.67508,46.131882,12.85,1,0,0,0,0,0,0,0,0,0,0,1,0.1833333333333333,Low,0,0,0,1,1,Low
2711,3246867,K06315.01,Kepler-1 b,CANDIDATE,CANDIDATE,0.334,0,0,0,0,5.32737192,5.674e-05,-5.674e-05,133.27114,0.00989,-0.00989,0.3554,0.0958,-0.3553,2.226,0.339,-0.339,107.7,17.9,-17.9,0.7,0.1,-0.07,782.0,88.33,40.7,-23.2,6.8,1.0,q1_q17_dr24_tce,4905.0,149.0,-133.0,4.593,0.058,-0.058,0.679,0.094,-0.063,294.34146,38.340519,14.44,0,0,0,0,0,0,0,0,0,0,0,0,0.1833333333333333,Low,0,0,0,1,1,Low
3647,4458082,K02303.02,Kepler-1 b,CANDIDATE,CANDIDATE,1.0,0,0,0,0,8.93484887,9.707e-05,-9.707e-05,133.39108,0.00932,-0.00932,0.888,0.096,-0.667,2.579,0.259,-0.259,135.9,16.5,-16.5,1.83,0.64,-0.23,1124.0,377.25,391.78,-134.24,9.7,2.0,q1_q17_dr25_tce,6688.0,187.0,-281.0,4.304,0.075,-0.225,1.347,0.473,-0.169,289.74731,39.523453,13.827,0,0,0,0,0,0,0,0,0,0,0,0,0.1833333333333333,Low,0,0,0,1,1,Low
6313,9282853,K05651.01,Kepler-1 b,CANDIDATE,CANDIDATE,0.643,0,0,0,0,83.499618,0.004992,-0.004992,163.5093,0.0518,-0.0518,0.341,0.123,-0.341,16.03,1.4,-1.4,501.0,37.4,-37.4,1.72,0.19,-0.2,343.0,3.29,1.45,-1.05,16.1,1.0,q1_q17_dr25_tce,5141.0,196.0,-179.0,4.526,0.082,-0.075,0.773,0.088,-0.088,292.64258,45.732342,15.726,0,1,0,0,0,0,0,0,0,0,0,1,0.18,Low,0,0,0,1,1,Low
8419,6423922,K06705.01,Kepler-1 b,CANDIDATE,CANDIDATE,0.413,0,0,0,0,0.9951412,1.014e-05,-1.014e-05,131.5268,0.0105,-0.0105,0.998,0.351,-0.02,5.588,0.513,-0.513,101.7,7.3,-7.3,0.22,0.14,-0.01,509.0,15.69,34.56,-1.02,17.6,1.0,q1_q17_dr25_tce,3325.0,117.0,-25.0,5.364,0.012,-0.228,0.109,0.073,-0.002,284.2399,41.819042,15.673,0,0,0,0,0,0,0,1,1,1,0,1,0.1733333333333333,Low,0,0,0,1,1,Low
6175,6036286,K05228.01,Kepler-1 b,CANDIDATE,CANDIDATE,0.334,0,0,0,0,546.53309,0.04248,-0.04248,334.0585,0.0297,-0.0297,0.6074,0.321,-0.3998,16.04,1.9,-1.9,758.0,81.1,-81.1,1.03,0.17,-0.15,94.0,0.02,0.01,-0.01,12.3,1.0,q1_q16_tce,3434.0,72.0,-73.0,4.892,0.06,-0.08,0.36,0.06,-0.05,289.81567,41.396439,15.347,1,1,0,0,0,0,0,1,0,0,0,1,0.1733333333333333,Low,0,0,0,1,1,Low
6965,3747817,K04103.02,Kepler-1 b,CANDIDATE,CANDIDATE,0.868,0,0,0,0,14.2378417,0.0003188,-0.0003188,140.4771,0.0128,-0.0128,0.314,0.154,-0.314,4.86,1.1,-1.1,193.0,33.7,-33.7,1.1,0.1,-0.04,629.0,37.02,10.57,-5.62,10.5,2.0,q1_q17_dr25_tce,5273.0,105.0,-105.0,4.566,0.025,-0.07,0.801,0.072,-0.033,291.67682,38.874908,14.838,0,0,0,0,0,0,0,0,0,0,0,0,0.17,Low,0,0,0,0,0,Low
6622,8197176,K05485.01,Kepler-1 b,CANDIDATE,CANDIDATE,0.275,0,0,0,0,9.3589254,0.0001535,-0.0001535,133.482,0.0138,-0.0138,0.184,0.268,-0.184,3.169,0.309,-0.309,1527.0,204.0,-204.0,17.37,5.37,-8.04,1528.0,1288.85,1178.02,-962.21,8.9,1.0,q1_q17_dr25_tce,5188.0,146.0,-164.0,3.327,0.409,-0.22,4.521,1.396,-2.094,300.88522,44.081329,17.054,0,0,0,0,0,0,0,0,1,1,0,1,0.17,Low,0,1,0,1,5,High
9240,5683219,K08257.01,Kepler-1 b,CANDIDATE,CANDIDATE,0.347,0,0,0,0,9.4609418,0.0002719,-0.0002719,138.7888,0.0239,-0.0239,0.161,0.3,-0.161,4.888,0.771,-0.771,47.5,7.2,-7.2,0.54,0.1,-0.07,767.0,81.83,45.22,-26.03,7.9,1.0,q1_q17_dr25_tce,5485.0,163.0,-147.0,4.5,0.117,-0.13,0.788,0.138,-0.101,282.96545,40.922619,13.413,0,0,0,0,0,0,0,0,0,0,0,0,0.17,Low,0,0,0,1,1,Low
6726,10090854,K05762.01,Kepler-1 b,CANDIDATE,CANDIDATE,1.0,0,0,0,0,12.63063129,8.928e-05,-8.928e-05,136.70398,0.00565,-0.00565,0.017,0.426,-0.017,2.212,0.169,-0.169,300.8,35.8,-35.8,1.37,0.28,-0.12,689.0,53.17,32.22,-13.87,9.5,1.0,q1_q17_dr25_tce,5579.0,150.0,-167.0,4.58,0.034,-0.136,0.798,0.161,-0.069,297.39322,47.011459,15.633,0,0,0,0,0,0,0,0,0,0,0,0,0.17,Low,0,0,0,1,1,Low
7028,8107150,K07863.01,Kepler-1 b,CANDIDATE,CANDIDATE,0.691,0,0,0,0,5.2449156,0.0001332,-0.0001332,136.0365,0.0212,-0.0212,0.019,0.432,-0.018,8.367,0.587,-0.587,35.5,3.5,-3.5,0.52,0.14,-0.06,1015.0,251.14,189.47,-74.04,11.7,1.0,q1_q17_dr25_tce,5823.0,140.0,-158.0,4.486,0.078,-0.182,0.878,0.231,-0.099,295.0809,43.953239,13.695,0,0,0,0,0,0,0,0,0,0,0,0,0.17,Low,0,0,0,0,0,Low
4184,8355131,K04711.01,Kepler-1 b,CANDIDATE,CANDIDATE,0.894,0,0,0,0,4.3638313,3.389e-05,-3.389e-05,135.33772,0.0067,-0.0067,0.39,0.06,-0.39,1.457,0.176,-0.176,194.1,23.5,-23.5,1.08,0.22,-0.08,976.0,214.31,137.21,-49.41,10.3,1.0,q1_q17_dr25_tce,5623.0,169.0,-152.0,4.596,0.042,-0.127,0.763,0.158,-0.056,287.50766,44.31424,15.642,0,0,0,0,0,0,0,0,0,0,0,0,0.1666666666666666,Low,0,0,0,0,0,Low
7412,6715997,K06762.01,Kepler-1 b,CANDIDATE,CANDIDATE,0.334,0,0,0,0,15.08186,0.0003259,-0.0003259,141.7289,0.0192,-0.0192,0.7171,0.2547,-0.4897,4.004,0.621,-0.621,81.6,17.5,-17.5,0.98,0.35,-0.15,758.0,78.11,83.47,-27.42,7.1,1.0,q1_q17_dr24_tce,5794.0,163.0,-156.0,4.377,0.126,-0.126,1.012,0.365,-0.151,297.83545,42.11039,14.45,0,0,0,0,0,0,0,0,0,0,0,0,0.1666666666666666,Low,0,0,0,1,1,Low
8643,8145958,K06978.01,Kepler-1 b,CANDIDATE,CANDIDATE,0.978,0,0,0,0,3.07551068,1.915e-05,-1.915e-05,134.46857,0.00536,-0.00536,0.005,0.465,-0.005,1.683,0.175,-0.175,46.1,5.9,-5.9,0.84,0.13,-0.14,1389.0,879.95,371.75,-293.44,10.1,1.0,q1_q17_dr25_tce,5763.0,78.0,-78.0,4.256,0.143,-0.117,1.242,0.2,-0.2,282.84103,44.049728,13.359,0,0,0,0,0,0,0,0,0,0,0,0,0.1666666666666666,Low,0,0,0,0,0,Low
8116,9943009,K07258.01,Kepler-1 b,CANDIDATE,CANDIDATE,0.934,0,0,0,0,2.4376438,1.8e-05,-1.8e-05,132.1228,0.0067,-0.0067,0.112,0.335,-0.112,1.587,0.164,-0.164,27.1,3.7,-3.7,0.79,0.14,-0.16,1686.0,1909.13,858.44,-781.22,8.8,1.0,q1_q17_dr25_tce,5927.0,79.0,-79.0,4.117,0.182,-0.098,1.53,0.264,-0.322,287.76895,46.83194,12.66,0,0,0,0,0,0,0,0,0,0,0,0,0.1666666666666666,Low,0,0,0,1,1,Low
6432,9481235,K05685.01,Kepler-1 b,CANDIDATE,CANDIDATE,0.334,0,0,0,0,14.0019064,0.0001819,-0.0001819,136.311,0.0103,-0.0103,0.9747,0.0042,-0.6771,4.257,0.485,-0.485,376.1,46.2,-46.2,17.96,4.83,-0.91,1646.0,1736.43,1394.57,-288.36,11.6,1.0,q1_q16_tce,4883.0,140.0,-94.0,2.783,0.029,-0.032,6.502,1.749,-0.329,297.59805,46.04377,13.814,0,0,0,0,0,0,0,0,1,1,0,1,0.1666666666666666,Low,0,1,0,1,4,Medium
6857,12554212,K05974.01,Kepler-1 b,CANDIDATE,CANDIDATE,0.993,0,0,0,0,4.76815507,4.901e-05,-4.901e-05,131.85686,0.00758,-0.00758,0.046,0.414,-0.046,2.115,0.249,-0.249,61.0,7.9,-7.9,0.49,0.04,-0.04,761.0,79.48,28.73,-22.3,9.2,1.0,q1_q17_dr25_tce,4680.0,167.0,-167.0,4.618,0.056,-0.032,0.649,0.057,-0.057,288.9162,51.534962,13.442,0,0,0,0,0,0,0,0,0,0,0,0,0.1666666666666666,Low,0,0,0,1,1,Low
9552,8489260,K07889.01,Kepler-1 b,CANDIDATE,CANDIDATE,0.386,0,0,0,0,130.235324,0.00303,-0.00303,218.2719,0.0201,-0.0201,0.075,0.387,-0.075,5.678,0.534,-0.534,750.1,91.4,-91.4,2.44,0.68,-0.23,332.0,2.86,2.38,-0.8,9.7,1.0,q1_q17_dr25_tce,5616.0,166.0,-183.0,4.529,0.036,-0.192,0.903,0.251,-0.084,289.57452,44.519939,15.991,1,0,0,0,0,0,0,0,0,0,0,1,0.1633333333333333,Low,0,0,0,1,2,Low
8678,2716979,K06291.01,Kepler-1 b,CANDIDATE,CANDIDATE,0.334,0,0,0,0,8.8324193,0.00012,-0.00012,137.7004,0.0115,-0.0115,0.185,0.2842,-0.1848,2.252,0.329,-0.329,74.1,10.6,-10.6,0.98,0.33,-0.18,999.0,234.99,227.94,-94.21,8.1,1.0,q1_q17_dr24_tce,6060.0,161.0,-169.0,4.29,0.172,-0.172,1.133,0.376,-0.205,292.29626,37.93306,13.303,0,0,0,0,0,0,0,0,0,0,0,0,0.1633333333333333,Low,0,0,0,1,1,Low
1458,3248501,K02052.01,Kepler-1 b,CANDIDATE,CANDIDATE,1.0,0,0,0,0,4.22464216,3.146e-05,-3.146e-05,133.09108,0.00606,-0.00606,0.913,0.057,-0.683,1.403,0.259,-0.259,987.0,195.0,-195.0,4.31,1.43,-0.47,1279.0,631.55,615.29,-203.32,7.7,1.0,q1_q17_dr25_tce,6343.0,177.0,-243.0,4.408,0.054,-0.216,1.14,0.376,-0.125,294.69772,38.364159,15.341,0,0,0,0,0,0,0,0,0,0,0,0,0.1633333333333333,Low,0,0,0,1,3,Medium
9188,11032748,K08039.01,Kepler-1 b,CANDIDATE,CANDIDATE,0.798,0,0,0,0,43.9438891,0.0008471,-0.0008471,144.143,0.0152,-0.0152,0.523,0.445,-0.32,5.26,0.486,-0.486,154.8,19.4,-19.4,1.12,0.33,-0.08,505.0,15.41,13.18,-3.8,9.7,1.0,q1_q17_dr25_tce,6008.0,162.0,-180.0,4.537,0.038,-0.212,0.875,0.255,-0.068,293.31909,48.518608,14.685,0,0,0,0,0,0,0,0,0,0,0,0,0.16,Low,0,0,0,1,1,Low
1612,11656918,K01945.02,Kepler-1 b,CANDIDATE,CANDIDATE,0.334,0,0,0,0,17.1181036,0.0009062,-0.0009062,136.19429,0.00851,-0.00851,0.4346,0.0697,-0.4346,1.29,0.34,-0.34,167.7,43.9,-43.9,1.22,0.46,-0.09,654.0,43.25,48.35,-10.24,6.1,1.0,q1_q17_dr25_tce,5576.0,157.0,-156.0,4.515,0.033,-0.281,0.929,0.35,-0.07,289.02975,49.769711,14.52,0,0,0,0,0,0,0,0,0,0,0,0,0.16,Low,0,0,0,1,1,Low
8870,12555616,K07540.01,Kepler-1 b,CANDIDATE,CANDIDATE,0.347,0,0,0,0,21.980467,0.0004523,-0.0004523,150.728,0.018,-0.018,0.417,0.046,-0.414,4.78,0.507,-0.507,96.0,11.4,-11.4,0.92,0.24,-0.14,625.0,36.07,27.1,-13.07,10.1,1.0,q1_q17_dr25_tce,5573.0,149.0,-149.0,4.418,0.139,-0.186,0.936,0.239,-0.147,289.82422,51.552029,13.852,0,0,0,0,0,0,0,0,0,0,0,0,0.16,Low,0,0,0,0,0,Low
9540,12885212,K02184.02,Kepler-1 b,CANDIDATE,CANDIDATE,0.638,0,0,0,0,95.906433,0.001258,-0.001258,226.921,0.0107,-0.0107,0.576,0.009,-0.488,4.08,0.285,-0.285,836.2,80.8,-80.8,2.17,0.07,-0.12,288.0,1.63,0.2,-0.29,11.0,2.0,q1_q17_dr25_tce,4620.0,73.0,-82.0,4.564,0.052,-0.014,0.736,0.021,-0.043,290.17502,52.220341,15.504,0,0,0,0,0,0,0,0,0,0,0,0,0.16,Low,0,0,0,0,0,Low
6763,7539277,K05398.01,Kepler-1 b,CANDIDATE,CANDIDATE,0.334,0,0,0,0,551.22396,0.01828,-0.01828,185.7811,0.0233,-0.0233,0.2134,0.2319,-0.2133,5.896,0.812,-0.812,570.7,74.4,-74.4,2.1,0.89,-0.14,206.0,0.42,0.54,-0.09,17.2,1.0,q1_q16_tce,5691.0,156.0,-158.0,4.544,0.023,-0.305,0.887,0.373,-0.06,295.02985,43.129421,14.465,1,0,0,0,0,0,0,0,0,0,0,1,0.1566666666666666,Low,0,0,0,1,1,Low
4613,9822284,K04807.01,Kepler-1 b,CANDIDATE,CANDIDATE,1.0,0,0,0,0,0.969824139,7.595e-06,-7.595e-06,132.28429,0.00614,-0.00614,0.332,0.279,-0.332,0.783,0.165,-0.165,23.1,4.3,-4.3,0.49,0.0,0.0,1839.0,2709.67,0.0,0.0,6.8,1.0,q1_q17_dr25_tce,5780.0,157.0,-160.0,4.438,0.07,-0.128,1.0,0.251,-0.111,287.55508,46.68224,11.563,0,0,0,0,0,1,0,0,0,0,0,1,0.15,Low,0,0,0,1,2,Low
7337,8838950,K02421.02,Kepler-1 b,CANDIDATE,CANDIDATE,0.886,0,0,0,0,4.02321842,4.151e-05,-4.151e-05,135.41629,0.00755,-0.00755,0.396,0.051,-0.396,2.162,0.254,-0.254,81.2,9.7,-9.7,0.48,0.02,-0.03,747.0,73.5,18.14,-17.19,9.8,2.0,q1_q17_dr25_tce,4671.0,139.0,-153.0,4.721,0.048,-0.028,0.528,0.028,-0.034,298.41931,45.071442,14.363,0,0,0,0,0,0,0,0,0,0,0,0,0.15,Low,0,0,0,1,1,Low
2000,11391755,K02639.02,Kepler-1 b,CANDIDATE,CANDIDATE,0.334,0,0,0,0,2.121023807,9.045e-06,-9.045e-06,170.85004,0.00279,-0.00279,1.0045,0.6,-0.0753,0.3673,0.0872,-0.0872,263.9,50.9,-50.9,5.75,2.96,-0.71,1573.0,1446.5,2239.56,-482.39,6.4,1.0,q1_q17_dr25_tce,6133.0,160.0,-215.0,4.367,0.09,-0.306,1.112,0.574,-0.137,285.36517,49.201561,15.527,0,0,0,0,0,0,0,0,0,0,0,0,0.1466666666666666,Low,0,0,0,1,3,Medium
4346,9775385,K04462.01,Kepler-1 b,CANDIDATE,CANDIDATE,0.334,0,0,0,0,45.163025,0.004492,-0.004492,159.8536,0.0968,-0.0968,0.2057,0.2588,-0.2056,7.03,2.1,-2.1,130.3,27.2,-27.2,2.35,1.24,-0.44,886.0,145.48,238.25,-63.2,8.7,1.0,q1_q17_dr25_tce,7675.0,235.0,-304.0,4.051,0.121,-0.311,2.015,1.066,-0.372,293.85294,46.590809,11.069,0,0,0,0,0,0,0,1,0,0,0,1,0.1466666666666666,Low,0,0,0,1,2,Low
4753,6268648,K01613.02,Kepler-1 b,CANDIDATE,CANDIDATE,1.0,0,0,0,0,94.094392,0.003053,-0.003053,196.7503,0.0333,-0.0333,0.32,0.119,-0.32,10.833,0.606,-0.606,46.6,4.6,-4.6,0.9,0.04,-0.03,486.0,13.14,1.86,-1.72,10.6,2.0,q1_q17_dr25_tce,6099.0,79.0,-85.0,4.193,0.016,-0.018,1.308,0.054,-0.054,285.47659,41.632717,11.049,0,0,0,0,0,0,0,0,0,0,0,0,0.1433333333333333,Low,0,0,0,0,0,Low
4140,7891294,K04699.01,Kepler-1 b,CANDIDATE,CANDIDATE,1.0,0,0,0,0,3.07714195,4.18e-05,-4.18e-05,133.4849,0.0103,-0.0103,0.983,0.009,-0.683,3.571,0.32,-0.32,34.2,4.0,-4.0,1.08,0.19,-0.16,1493.0,1175.0,543.1,-367.03,9.9,1.0,q1_q17_dr25_tce,6108.0,82.0,-92.0,4.251,0.125,-0.112,1.336,0.237,-0.194,291.88797,43.649811,12.889,0,0,0,0,0,0,0,0,0,0,0,0,0.1433333333333333,Low,0,0,0,1,1,Low
8766,4918303,K05104.01,Kepler-1 b,CANDIDATE,CANDIDATE,0.999,0,0,0,0,21.1579573,0.0003502,-0.0003502,150.5824,0.0136,-0.0136,0.775,0.179,-0.569,4.706,0.379,-0.379,215.9,24.5,-24.5,1.63,0.45,-0.16,682.0,51.22,43.53,-15.2,10.2,1.0,q1_q17_dr25_tce,6063.0,190.0,-211.0,4.476,0.05,-0.2,1.012,0.282,-0.101,290.12497,40.098381,15.531,0,0,0,0,0,0,0,0,0,0,0,0,0.14,Low,0,0,0,0,0,Low
4531,7094944,K04859.01,Kepler-1 b,CANDIDATE,CANDIDATE,0.82,0,0,0,0,7.5019743,0.0001136,-0.0001136,135.0995,0.0114,-0.0114,0.442,0.036,-0.442,2.582,0.427,-0.427,248.0,31.1,-31.1,1.19,0.08,-0.12,709.0,59.73,16.39,-16.11,9.1,1.0,q1_q17_dr25_tce,4807.0,143.0,-129.0,4.546,0.066,-0.039,0.758,0.049,-0.074,283.06223,42.629002,15.562,0,0,0,0,0,0,0,0,0,0,0,0,0.14,Low,0,0,0,1,1,Low
2198,4172013,K02386.01,Kepler-1 b,CANDIDATE,CANDIDATE,1.0,0,0,0,0,16.2707207,0.0002229,-0.0002229,145.097,0.0112,-0.0112,1.187,7.163,-0.166,5.707,0.579,-0.579,468.0,43.8,-43.8,28.42,4.68,-3.11,827.0,110.79,47.43,-27.69,13.0,1.0,q1_q17_dr25_tce,6117.0,79.0,-85.0,4.315,0.084,-0.126,1.244,0.205,-0.136,294.94009,39.232571,14.94,0,0,0,0,0,0,0,0,0,0,0,0,0.14,Low,0,1,0,0,3,Medium
454,3644071,K01192.01,Kepler-1 b,CANDIDATE,CANDIDATE,0.334,0,0,0,0,1295.362215,0.008463,-0.008463,176.10646,0.00283,-0.00283,1.3935,0.1826,-0.3363,28.297,0.259,-0.259,8708.0,82.9,-82.9,57.82,20.68,-9.44,169.0,0.19,0.21,-0.07,164.0,1.0,q1_q17_dr25_tce,5609.0,159.0,-141.0,4.346,0.149,-0.233,1.048,0.375,-0.171,291.03217,38.703911,14.215,1,1,1,1,0,0,1,0,0,0,0,1,0.1366666666666666,Low,0,1,0,1,6,High
7392,6767227,K04871.02,Kepler-1 b,CANDIDATE,CANDIDATE,0.334,0,0,0,0,5.522479,6.632e-05,-6.632e-05,133.1184,0.0111,-0.0111,0.6606,0.0203,-0.4984,2.666,0.278,-0.278,33.1,4.7,-4.7,0.76,0.35,-0.13,1288.0,650.66,871.96,-251.27,8.6,2.0,q1_q17_dr24_tce,6532.0,159.0,-201.0,4.271,0.135,-0.135,1.247,0.571,-0.207,288.52902,42.27626,13.05,0,0,0,0,0,0,0,0,0,0,0,0,0.1366666666666666,Low,0,0,0,1,1,Low
7603,10396708,K07320.01,Kepler-1 b,CANDIDATE,CANDIDATE,1.0,0,0,0,0,8.50207749,9.33e-05,-9.33e-05,132.36121,0.0094,-0.0094,0.073,0.38,-0.072,3.057,0.269,-0.269,117.3,12.8,-12.8,0.75,0.07,-0.07,679.0,50.14,16.48,-13.42,10.5,1.0,q1_q17_dr25_tce,4889.0,146.0,-131.0,4.57,0.066,-0.044,0.715,0.062,-0.069,288.29715,47.56004,14.755,0,0,0,0,0,0,0,0,0,0,0,0,0.1333333333333333,Low,0,0,0,0,0,Low
2961,9334893,K02298.03,Kepler-1 b,CANDIDATE,CANDIDATE,0.425,0,0,0,0,2.47240869,1.886e-05,-1.886e-05,132.44084,0.00584,-0.00584,0.319,0.137,-0.319,1.87,0.173,-0.173,47.5,6.0,-6.0,0.36,0.02,-0.02,887.0,145.69,36.41,-32.07,9.0,4.0,q1_q17_dr25_tce,4729.0,143.0,-143.0,4.726,0.045,-0.024,0.525,0.028,-0.032,288.45605,45.80212,13.831,0,0,0,0,0,0,0,0,0,0,0,0,0.13,Low,0,0,0,1,1,Low
4418,5437762,K04907.01,Kepler-1 b,CANDIDATE,CANDIDATE,0.965,0,0,0,0,4.04481159,4.026e-05,-4.026e-05,133.60007,0.00739,-0.00739,0.393,0.063,-0.393,2.479,0.29,-0.29,33.0,4.7,-4.7,0.67,0.21,-0.09,1325.0,729.15,670.18,-253.44,7.5,1.0,q1_q17_dr25_tce,6358.0,160.0,-208.0,4.359,0.087,-0.203,1.141,0.363,-0.156,288.39761,40.6269,13.778,0,0,0,0,0,0,0,0,0,0,0,0,0.1266666666666666,Low,0,0,0,1,1,Low
6384,7747091,K05418.01,Kepler-1 b,CANDIDATE,CANDIDATE,0.997,0,0,0,0,14.2673439,0.0002308,-0.0002308,133.9655,0.0127,-0.0127,0.042,0.413,-0.041,3.171,0.58,-0.58,217.5,29.5,-29.5,1.21,0.29,-0.09,657.0,44.12,32.09,-11.06,9.0,1.0,q1_q17_dr25_tce,5475.0,164.0,-164.0,4.567,0.03,-0.17,0.837,0.2,-0.067,289.72818,43.488239,15.181,0,0,0,0,0,0,0,0,0,0,0,0,0.1233333333333333,Low,0,0,0,1,1,Low
8370,10546063,K07339.01,Kepler-1 b,CANDIDATE,CANDIDATE,1.0,0,0,0,0,10.6982275,0.000155,-0.000155,140.6793,0.0102,-0.0102,0.032,0.426,-0.032,3.198,0.335,-0.335,246.0,31.9,-31.9,1.73,0.49,-0.21,919.0,168.88,142.37,-57.45,9.1,1.0,q1_q17_dr25_tce,6277.0,174.0,-239.0,4.417,0.06,-0.18,1.097,0.313,-0.134,296.02774,47.753551,15.833,0,0,0,0,0,0,0,0,0,0,0,0,0.12,Low,0,0,0,1,1,Low
8134,8709688,K03019.02,Kepler-1 b,CANDIDATE,CANDIDATE,0.935,0,0,0,0,2.012094,1.945e-05,-1.945e-05,131.5688,0.00726,-0.00726,0.066,0.381,-0.066,2.157,0.257,-0.257,74.8,9.5,-9.5,0.99,0.16,-0.15,1523.0,1274.27,516.29,-410.58,9.1,2.0,q1_q17_dr25_tce,5633.0,76.0,-76.0,4.296,0.15,-0.113,1.162,0.179,-0.179,298.40137,44.838181,14.927,0,0,0,0,0,0,0,0,0,0,0,0,0.12,Low,0,0,0,1,1,Low
1971,10471621,K02554.01,Kepler-1 b,CANDIDATE,CANDIDATE,0.582,0,0,0,0,39.7557642,0.000333,-0.000333,150.60745,0.00443,-0.00443,1.219,6.837,-0.024,1.958,0.28,-0.28,621.8,76.5,-76.5,13.72,1.0,-1.21,325.0,2.64,0.73,-0.72,10.2,2.0,q1_q17_dr25_tce,4405.0,119.0,-146.0,4.732,0.058,-0.031,0.511,0.037,-0.045,292.37979,47.644611,15.439,0,0,0,0,0,0,0,0,0,0,0,0,0.1166666666666666,Low,0,1,0,0,3,Medium
6532,8009811,K05459.01,Kepler-1 b,CANDIDATE,CANDIDATE,0.944,0,0,0,0,53.554546,0.001423,-0.001423,160.3983,0.0247,-0.0247,0.62,0.013,-0.496,5.533,0.756,-0.756,127.6,18.5,-18.5,3.1,0.44,-1.04,769.0,82.79,31.45,-48.13,8.9,1.0,q1_q17_dr25_tce,6039.0,81.0,-81.0,3.76,0.3,-0.1,2.622,0.377,-0.879,283.37384,43.801361,11.47,0,0,0,0,0,0,0,0,1,1,0,1,0.1166666666666666,Low,0,0,0,1,2,Low
6914,6527078,K04657.02,Kepler-1 b,CANDIDATE,CANDIDATE,0.969,0,0,0,0,10.4314847,7.38e-05,-7.38e-05,135.54229,0.00649,-0.00649,0.95,0.001,-0.734,2.09,0.161,-0.161,59.1,6.8,-6.8,0.77,0.13,-0.07,700.0,56.67,30.8,-15.22,9.6,2.0,q1_q17_dr25_tce,5361.0,159.0,-159.0,4.588,0.038,-0.113,0.774,0.133,-0.071,293.29279,41.997589,13.241,0,0,0,0,0,0,0,0,0,0,0,0,0.1166666666666666,Low,0,0,0,1,1,Low
5934,6442735,K05283.01,Kepler-1 b,CANDIDATE,CANDIDATE,0.334,0,0,0,0,18.7821603,0.0004061,-0.0004061,147.8508,0.0148,-0.0148,0.1986,0.2549,-0.1986,5.573,0.537,-0.537,77.2,9.4,-9.4,0.83,0.34,-0.08,681.0,50.97,61.57,-13.54,9.8,1.0,q1_q17_dr24_tce,5919.0,156.0,-167.0,4.488,0.048,-0.29,0.94,0.386,-0.087,291.76413,41.86013,14.043,0,0,0,0,0,0,0,0,0,0,0,0,0.1166666666666666,Low,0,0,0,1,1,Low
8882,5263167,K06546.01,Kepler-1 b,CANDIDATE,CANDIDATE,0.783,0,0,0,0,3.39401963,2.949e-05,-2.949e-05,134.37164,0.00707,-0.00707,0.166,0.291,-0.166,2.984,0.23,-0.23,98.4,11.8,-11.8,1.03,0.32,-0.12,1306.0,689.16,643.11,-222.12,10.0,1.0,q1_q17_dr25_tce,6181.0,168.0,-224.0,4.431,0.07,-0.21,1.029,0.327,-0.117,288.03058,40.418301,15.42,0,0,0,0,0,0,0,0,0,0,0,0,0.1133333333333333,Low,0,0,0,0,0,Low
3722,5092655,K04116.01,Kepler-1 b,CANDIDATE,CANDIDATE,0.334,0,0,0,0,0.783258387,3.473e-06,-3.473e-06,131.74358,0.00362,-0.00362,0.2514,0.2138,-0.2514,2.2926,0.0885,-0.0885,328.5,14.6,-14.6,1.28,0.3,-0.13,1559.0,1395.69,1091.24,-389.52,28.5,1.0,q1_q17_dr24_tce,5067.0,195.0,-155.0,4.565,0.063,-0.587,0.715,0.17,-0.069,289.79135,40.299431,15.729,0,0,0,0,0,0,0,0,0,0,0,0,0.1133333333333333,Low,0,0,0,0,0,Low
4347,6197344,K04463.01,Kepler-1 b,CANDIDATE,CANDIDATE,0.926,0,0,0,0,36.7614011,0.0009643,-0.0009643,137.7551,0.0286,-0.0286,0.984,0.042,-0.752,15.982,0.763,-0.763,160.9,10.5,-10.5,1.52,0.24,-0.19,475.0,12.0,6.54,-3.94,16.2,1.0,q1_q17_dr25_tce,5305.0,185.0,-185.0,4.504,0.09,-0.11,0.823,0.132,-0.099,289.41428,41.51004,15.598,0,1,0,0,0,0,0,0,0,0,0,1,0.11,Low,0,0,0,1,1,Low
8929,11672354,K07471.01,Kepler-1 b,CANDIDATE,CANDIDATE,0.953,0,0,0,0,5.29655591,8.52e-05,-8.52e-05,131.8704,0.0141,-0.0141,0.37,0.08,-0.37,3.93,0.315,-0.315,135.4,17.2,-17.2,1.3,0.43,-0.15,1156.0,421.14,411.8,-140.13,9.3,1.0,q1_q17_dr25_tce,6268.0,173.0,-260.0,4.429,0.054,-0.216,1.1,0.365,-0.122,296.82037,49.75045,15.591,0,0,0,0,0,0,0,0,0,0,0,0,0.11,Low,0,0,0,1,1,Low
4943,6231721,K07773.01,Kepler-1 b,CANDIDATE,CANDIDATE,0.95,0,0,0,0,2.69339974,2.951e-05,-2.951e-05,131.9006,0.0104,-0.0104,0.279,0.186,-0.279,1.936,0.257,-0.257,147.5,22.0,-22.0,1.04,0.19,-0.11,1151.0,415.96,248.77,-117.07,8.7,1.0,q1_q17_dr25_tce,5355.0,175.0,-159.0,4.511,0.057,-0.133,0.863,0.16,-0.086,298.68607,41.521069,15.673,0,0,0,0,0,0,0,0,0,0,0,0,0.11,Low,0,0,0,1,1,Low
5653,9149789,K02874.01,Kepler-1 b,CANDIDATE,CANDIDATE,0.989,0,0,0,0,0.352515897,4.27e-07,-4.27e-07,132.01659,0.00102,-0.00102,0.26,0.211,-0.26,1.0525,0.0365,-0.0365,168.2,5.9,-5.9,1.0,0.19,-0.09,2194.0,5534.14,3302.38,-1351.38,38.0,1.0,q1_q17_dr25_tce,5465.0,162.0,-146.0,4.598,0.03,-0.12,0.766,0.147,-0.063,289.85889,45.503841,14.867,0,0,0,0,0,1,0,0,0,0,0,1,0.11,Low,0,0,0,1,1,Low
5435,12154526,K02004.03,Kepler-1 b,CANDIDATE,CANDIDATE,0.873,0,0,0,0,1.72110057,1.601e-05,-1.601e-05,132.76068,0.00831,-0.00831,0.767,0.033,-0.544,1.922,0.258,-0.258,29.7,4.2,-4.2,0.7,0.11,-0.09,1607.0,1575.2,698.44,-467.13,9.3,3.0,q1_q17_dr25_tce,5700.0,114.0,-114.0,4.327,0.103,-0.115,1.176,0.182,-0.149,288.64627,50.788979,13.351,0,0,0,0,0,0,0,0,0,0,0,0,0.1066666666666666,Low,0,0,0,1,1,Low
8530,4995716,K06484.01,Kepler-1 b,CANDIDATE,CANDIDATE,0.334,0,0,0,0,16.1191449,0.0003382,-0.0003382,146.7978,0.0181,-0.0181,0.6704,0.0438,-0.4924,3.039,0.415,-0.415,262.2,41.1,-41.1,1.34,0.51,-0.15,619.0,34.7,43.4,-10.58,8.2,1.0,q1_q17_dr24_tce,5319.0,223.0,-168.0,4.514,0.082,-0.082,0.783,0.299,-0.087,286.54742,40.150539,15.696,0,0,0,0,0,0,0,0,0,0,0,0,0.1066666666666666,Low,0,0,0,1,1,Low
633,2162635,K01032.01,Kepler-1 b,CANDIDATE,CANDIDATE,0.334,0,0,0,0,1500.1406772,0.0,0.0,176.08226,0.00404,-0.00404,0.9131,0.0068,-0.0081,25.727,0.497,-0.497,4129.9,76.6,-76.6,18.35,5.02,-2.42,206.0,0.42,0.31,-0.12,83.3,1.0,q1_q17_dr25_tce,5009.0,81.0,-92.0,3.755,0.091,-0.163,2.283,0.625,-0.301,291.97754,37.532551,13.862,1,1,1,0,0,0,0,0,1,1,0,1,0.1033333333333333,Low,0,1,0,1,6,High
6464,10809888,K05830.01,Kepler-1 b,CANDIDATE,CANDIDATE,0.334,0,0,0,0,72.782432,0.001405,-0.001405,188.2117,0.0148,-0.0148,0.1157,0.3389,-0.1155,3.726,0.463,-0.463,245.8,35.4,-35.4,11.19,0.71,-2.99,924.0,172.28,33.84,-92.7,8.5,1.0,q1_q16_tce,5099.0,72.0,-188.0,3.021,0.03,-0.03,7.317,0.465,-1.956,296.5499,48.186661,13.628,0,0,0,0,0,0,0,0,1,1,0,1,0.1,Low,0,1,0,1,5,High
1395,9111849,K02042.01,Kepler-1 b,CANDIDATE,CANDIDATE,0.994,0,0,0,0,63.0732241,0.0002866,-0.0002866,191.2532,0.00354,-0.00354,0.746,0.184,-0.533,5.397,0.122,-0.122,671.3,25.5,-25.5,17.8,4.46,-8.91,1077.0,317.78,202.95,-242.18,30.0,1.0,q1_q17_dr25_tce,6234.0,74.0,-74.0,3.209,0.458,-0.122,6.354,1.59,-3.18,298.75018,45.4664,13.089,0,0,0,0,0,0,0,0,1,1,0,1,0.1,Low,0,1,0,1,4,Medium
5661,7613620,K07843.01,Kepler-1 b,CANDIDATE,CANDIDATE,0.8,0,0,0,0,0.619023176,4.783e-06,-4.783e-06,131.92817,0.00617,-0.00617,0.387,0.078,-0.387,1.496,0.246,-0.246,77.9,12.6,-12.6,0.79,0.17,-0.07,1885.0,2985.06,2099.65,-766.79,8.9,1.0,q1_q17_dr25_tce,5395.0,180.0,-164.0,4.536,0.028,-0.161,0.891,0.198,-0.074,293.67114,43.217609,15.775,0,0,0,0,0,1,0,0,0,0,0,1,0.0966666666666666,Low,0,0,0,1,2,Low
4542,8331612,K03318.02,Kepler-1 b,CANDIDATE,CANDIDATE,0.556,0,0,0,0,25.6970688,0.0007033,-0.0007033,144.2286,0.0238,-0.0238,0.943,0.026,-0.724,3.739,0.472,-0.472,835.0,151.0,-151.0,3.83,1.24,-0.53,658.0,44.24,44.57,-15.75,6.4,2.0,q1_q17_dr25_tce,6020.0,211.0,-211.0,4.403,0.087,-0.203,1.057,0.341,-0.146,301.27869,44.25053,15.842,0,0,0,0,0,0,0,0,0,0,0,0,0.0933333333333333,Low,0,0,0,1,1,Low
962,10971674,K01296.01,Kepler-1 b,CANDIDATE,CANDIDATE,0.565,0,1,0,0,2.380862632,1.16e-07,-1.16e-07,135.3252117,4.05e-05,-4.05e-05,0.664,0.001,-0.001,4.20416,0.0033,-0.0033,32634.0,15.7,-15.7,21.65,6.01,-4.35,1480.0,1133.0,924.29,-493.38,2590.6,1.0,q1_q17_dr25_tce,5821.0,158.0,-176.0,4.297,0.19,-0.19,1.129,0.313,-0.227,289.79077,48.448139,13.802,0,0,1,0,0,0,1,0,0,0,0,1,0.0933333333333333,Low,1,1,0,1,12,High
4276,5687700,K04587.01,Kepler-1 b,CANDIDATE,CANDIDATE,0.936,0,0,0,0,6.36283414,8.115e-05,-8.115e-05,131.8069,0.00925,-0.00925,0.141,0.319,-0.141,3.752,0.309,-0.309,159.4,19.1,-19.1,1.12,0.32,-0.11,956.0,197.84,169.7,-55.09,9.9,1.0,q1_q17_dr25_tce,5955.0,161.0,-178.0,4.534,0.036,-0.204,0.883,0.258,-0.086,285.22415,40.958931,15.567,0,0,0,0,0,0,0,0,0,0,0,0,0.09,Low,0,0,0,1,1,Low
4592,6767227,K04871.01,Kepler-1 b,CANDIDATE,CANDIDATE,0.875,0,0,0,0,4.08197713,4.792e-05,-4.792e-05,132.10953,0.00971,-0.00971,0.328,0.128,-0.328,2.943,0.305,-0.305,26.2,3.4,-3.4,0.6,0.13,-0.08,1372.0,836.88,498.99,-287.95,9.3,1.0,q1_q17_dr25_tce,6538.0,147.0,-196.0,4.339,0.092,-0.138,1.156,0.241,-0.161,288.52902,42.27626,13.05,0,0,0,0,0,0,0,0,0,0,0,0,0.09,Low,0,0,0,1,1,Low
6734,7440715,K05390.01,Kepler-1 b,CANDIDATE,CANDIDATE,0.334,0,0,0,0,104.198102,0.00114,-0.00114,161.4469,0.0103,-0.0103,0.3437,0.1235,-0.3436,3.2,0.282,-0.282,652.2,80.8,-80.8,5.13,3.28,-3.4,497.0,14.46,29.25,-12.99,8.9,1.0,q1_q16_tce,5087.0,149.0,-144.0,3.759,0.849,-0.352,2.024,1.297,-1.341,290.50705,43.015041,14.457,1,0,0,0,0,0,0,0,1,0,0,1,0.0866666666666666,Low,0,0,0,1,4,Medium
7883,10670112,K07360.01,Kepler-1 b,CANDIDATE,CANDIDATE,0.334,0,0,0,0,4.0953585,7.179e-05,-7.179e-05,135.7884,0.0169,-0.0169,1.0194,0.0032,-0.0264,44.35,2.1,-2.1,226.8,13.8,-13.8,7.76,3.62,-2.15,1680.0,1884.15,2594.63,-1035.86,60.2,1.0,q1_q17_dr24_tce,6839.0,172.0,-253.0,4.094,0.202,-0.202,1.7,0.794,-0.47,293.66928,47.906689,13.543,0,1,0,0,0,0,0,0,0,0,0,1,0.0866666666666666,Low,0,0,0,1,3,Medium
5887,9605552,K03102.01,Kepler-1 b,CANDIDATE,CANDIDATE,0.334,0,0,0,0,9.3210841,0.0001359,-0.0001359,138.09946,0.00804,-0.00804,0.0815,0.4091,-0.0813,1.81,0.32,-0.32,294.2,55.8,-55.8,0.61,0.1,-0.21,394.0,5.67,2.53,-3.55,6.1,1.0,q1_q17_dr25_tce,3773.0,50.0,-134.0,4.925,0.15,-0.09,0.35,0.06,-0.12,297.96048,46.227921,15.983,0,0,0,0,0,0,0,1,0,0,0,1,0.0866666666666666,Low,0,0,0,1,2,Low
3450,11284772,K04622.02,Kepler-1 b,CANDIDATE,CANDIDATE,0.977,0,0,0,0,4.50158249,3.405e-05,-3.405e-05,134.1153,0.00569,-0.00569,0.016,0.442,-0.016,1.855,0.158,-0.158,175.7,21.5,-21.5,0.73,0.04,-0.03,676.0,49.21,9.73,-7.37,9.7,2.0,q1_q17_dr25_tce,4339.0,78.0,-87.0,4.711,0.02,-0.032,0.553,0.031,-0.022,284.56689,49.01255,15.142,0,0,0,0,0,0,0,0,0,0,0,0,0.0833333333333333,Low,0,0,0,1,1,Low
1110,10749128,K01639.02,Kepler-1 b,CANDIDATE,CANDIDATE,0.334,0,0,0,0,9.9824036,0.0001718,-0.0001718,133.44855,0.00751,-0.00751,0.8093,0.1425,-0.2453,1.09,0.266,-0.266,83.9,17.3,-17.3,1.17,0.67,-0.14,966.0,205.65,358.67,-64.07,5.4,1.0,q1_q17_dr25_tce,6273.0,153.0,-193.0,4.364,0.08,-0.325,1.139,0.659,-0.133,297.90045,48.0947,13.538,0,0,0,0,0,0,0,0,0,0,0,0,0.08,Low,0,0,0,1,1,Low
6021,6675757,K05310.01,Kepler-1 b,CANDIDATE,CANDIDATE,0.982,0,0,0,0,22.2903562,0.0002366,-0.0002366,152.37929,0.00818,-0.00818,0.028,0.423,-0.028,1.623,0.287,-0.287,130.4,19.8,-19.8,1.13,0.16,-0.1,632.0,37.67,14.05,-7.79,8.1,1.0,q1_q17_dr25_tce,5597.0,75.0,-84.0,4.418,0.085,-0.114,1.0,0.141,-0.082,286.52942,42.167511,13.993,0,0,0,0,0,0,0,0,0,0,0,0,0.0766666666666666,Low,0,0,0,1,1,Low
4988,9843517,K03480.01,Kepler-1 b,CANDIDATE,CANDIDATE,0.996,0,0,0,0,11.9378354,0.0001743,-0.0001743,133.2612,0.0129,-0.0129,0.036,0.416,-0.036,4.652,0.36,-0.36,246.0,29.2,-29.2,1.15,0.2,-0.09,671.0,47.91,26.75,-11.63,9.6,1.0,q1_q17_dr25_tce,5469.0,162.0,-162.0,4.611,0.037,-0.112,0.738,0.131,-0.056,296.65256,46.618809,15.954,0,0,0,0,0,0,0,0,0,0,0,0,0.0766666666666666,Low,0,0,0,1,1,Low
8185,11068630,K07404.01,Kepler-1 b,CANDIDATE,CANDIDATE,0.91,0,0,0,0,1.817079849,7.316e-06,-7.316e-06,131.90509,0.00324,-0.00324,0.276,0.189,-0.276,0.889,0.136,-0.136,204.6,25.2,-25.2,1.39,0.45,-0.14,1454.0,1056.39,1001.1,-324.25,10.8,1.0,q1_q17_dr25_tce,5808.0,162.0,-223.0,4.503,0.039,-0.221,0.963,0.309,-0.096,282.55869,48.63097,15.591,0,0,0,0,0,0,0,0,0,0,0,0,0.0766666666666666,Low,0,0,0,0,0,Low
7394,3854496,K06368.01,Kepler-1 b,CANDIDATE,CANDIDATE,1.0,0,0,0,0,9.4588054,0.0001645,-0.0001645,136.8156,0.0149,-0.0149,0.365,0.094,-0.365,3.66,0.389,-0.389,270.0,36.0,-36.0,1.78,0.49,-0.21,943.0,187.04,153.75,-62.88,8.6,1.0,q1_q17_dr25_tce,6247.0,174.0,-239.0,4.433,0.06,-0.18,1.066,0.296,-0.127,292.56421,38.931129,15.812,0,0,0,0,0,0,0,0,0,0,0,0,0.0766666666666666,Low,0,0,0,1,1,Low
6608,9910043,K05732.01,Kepler-1 b,CANDIDATE,CANDIDATE,0.992,0,0,0,0,39.399926,0.001194,-0.001194,160.2611,0.0223,-0.0223,0.544,0.437,-0.339,5.729,0.719,-0.719,341.4,44.3,-44.3,1.52,0.32,-0.13,499.0,14.66,9.17,-3.81,9.4,1.0,q1_q17_dr25_tce,5913.0,147.0,-177.0,4.581,0.036,-0.144,0.795,0.17,-0.068,298.5697,46.753971,15.453,0,0,0,0,0,0,0,0,0,0,0,0,0.0733333333333333,Low,0,0,0,1,1,Low
9512,8182107,K07870.01,Kepler-1 b,CANDIDATE,CANDIDATE,0.982,0,0,0,0,92.552007,0.00131,-0.00131,221.5872,0.0103,-0.0103,0.513,0.003,-0.484,2.135,0.424,-0.424,282.6,49.0,-49.0,2.1,0.6,-0.4,440.0,8.87,7.4,-3.78,7.3,1.0,q1_q17_dr25_tce,5808.0,156.0,-191.0,4.306,0.136,-0.187,1.22,0.347,-0.232,297.0672,44.0676,14.452,0,0,0,0,0,0,0,0,0,0,0,0,0.0733333333333333,Low,0,0,0,1,1,Low
5698,9593528,K03939.01,Kepler-1 b,CANDIDATE,CANDIDATE,1.0,0,0,0,0,1.88665445,8.625e-05,-8.625e-05,132.3531,0.0376,-0.0376,1.269,38.15,-0.005,1.343,0.16,-0.16,2098.0,162.0,-162.0,43.81,13.01,-9.75,1794.0,2453.86,2218.59,-1185.99,15.8,1.0,q1_q17_dr25_tce,6296.0,198.0,-242.0,4.247,0.185,-0.185,1.249,0.371,-0.278,294.0282,46.201771,15.21,0,0,0,1,0,1,0,0,0,0,0,1,0.0666666666666666,Low,0,1,0,1,5,High
7365,7592922,K06890.01,Kepler-1 b,CANDIDATE,CANDIDATE,0.952,0,0,0,0,2.15888911,1.562e-05,-1.562e-05,131.97752,0.0063,-0.0063,0.224,0.25,-0.224,1.791,0.205,-0.205,102.4,12.4,-12.4,0.72,0.1,-0.07,1130.0,384.49,175.63,-95.37,9.9,1.0,q1_q17_dr25_tce,5269.0,142.0,-142.0,4.627,0.036,-0.084,0.713,0.103,-0.06,286.33069,43.267929,15.377,0,0,0,0,0,0,0,0,0,0,0,0,0.0666666666666666,Low,0,0,0,1,1,Low
8067,12304728,K07520.01,Kepler-1 b,CANDIDATE,CANDIDATE,1.0,0,0,0,0,3.14735789,5.341e-05,-5.341e-05,133.3871,0.0149,-0.0149,0.03,0.42,-0.03,3.643,0.318,-0.318,51.8,6.6,-6.6,3.45,0.45,-1.32,2209.0,5635.4,1938.49,-3688.93,9.3,1.0,q1_q17_dr25_tce,5189.0,72.0,-124.0,3.352,0.262,-0.087,4.93,0.63,-1.889,289.82199,51.063492,14.386,0,0,0,0,0,1,0,0,1,1,0,1,0.0633333333333333,Low,0,0,0,1,2,Low
9085,6878408,K06786.01,Kepler-1 b,CANDIDATE,CANDIDATE,0.556,0,0,0,0,455.62395,0.02622,-0.02622,581.8806,0.0239,-0.0239,0.335,0.126,-0.335,13.07,0.794,-0.794,1112.1,92.7,-92.7,3.0,0.87,-0.3,228.0,0.64,0.56,-0.19,14.0,1.0,q1_q17_dr25_tce,5883.0,165.0,-206.0,4.53,0.048,-0.204,0.892,0.26,-0.087,295.93283,42.39669,15.975,1,1,0,0,0,0,0,0,0,0,0,1,0.0633333333333333,Low,0,0,0,1,1,Low
7711,9639106,K07208.01,Kepler-1 b,CANDIDATE,CANDIDATE,0.334,0,0,0,0,3.57944367,4.337e-05,-4.337e-05,133.46198,0.00756,-0.00756,0.3976,0.0398,-0.3976,1.869,0.335,-0.335,117.2,19.6,-19.6,0.87,0.29,-0.07,1018.0,253.89,265.12,-63.15,8.5,1.0,q1_q17_dr24_tce,5341.0,182.0,-143.0,4.546,0.041,-0.041,0.801,0.27,-0.068,286.85812,46.311729,15.56,0,0,0,0,0,0,0,0,0,0,0,0,0.0633333333333333,Low,0,0,0,1,1,Low
9165,5894182,K07750.01,Kepler-1 b,CANDIDATE,CANDIDATE,0.322,0,0,0,0,494.485085,0.004886,-0.004886,527.70941,0.00545,-0.00545,0.017,0.415,-0.016,3.905,0.238,-0.238,385.3,32.2,-32.2,5.03,0.95,-1.76,379.0,4.88,2.79,-3.06,13.9,1.0,q1_q17_dr25_tce,6303.0,172.0,-191.0,3.774,0.293,-0.098,2.553,0.481,-0.894,296.67538,41.164768,12.088,1,0,0,0,0,0,0,0,0,1,0,1,0.0633333333333333,Low,0,0,0,1,3,Medium
9270,9469494,K07938.01,Kepler-1 b,CANDIDATE,CANDIDATE,0.508,0,0,0,0,275.5603,0.0179,-0.0179,237.0977,0.0409,-0.0409,0.018,0.429,-0.018,15.09,1.6,-1.6,89.4,9.3,-9.3,2.33,0.53,-1.32,437.0,8.6,6.29,-7.18,11.5,1.0,q1_q17_dr25_tce,5989.0,213.0,-192.0,3.764,0.568,-0.142,2.467,0.559,-1.396,293.68533,46.095737,11.663,1,1,0,0,0,0,0,0,1,1,0,1,0.06,Low,0,0,0,1,1,Low
9551,8488381,K07888.01,Kepler-1 b,CANDIDATE,CANDIDATE,0.532,0,0,0,0,4.7368156,0.000147,-0.000147,131.7876,0.0256,-0.0256,0.218,0.285,-0.218,2.84,1.0,-1.0,35.3,12.6,-12.6,0.6,0.2,-0.06,1137.0,395.05,377.3,-120.72,6.9,1.0,q1_q17_dr25_tce,6088.0,165.0,-201.0,4.456,0.056,-0.224,1.011,0.329,-0.11,289.20331,44.505138,13.922,0,0,0,0,0,0,0,0,0,0,0,0,0.06,Low,0,0,0,1,1,Low
6103,6756369,K05322.01,Kepler-1 b,CANDIDATE,CANDIDATE,0.334,0,0,0,0,30.928898,0.0003253,-0.0003253,153.90647,0.00782,-0.00782,0.7846,0.1712,-0.5434,3.436,0.289,-0.289,203.3,26.1,-26.1,8.1,0.74,-1.71,1051.0,288.95,82.49,-129.97,8.5,1.0,q1_q16_tce,5029.0,97.0,-151.0,3.237,0.03,-0.03,5.127,0.468,-1.085,283.97293,42.276588,13.907,0,0,0,0,0,0,0,0,1,1,0,1,0.06,Low,0,0,0,1,4,Medium
4740,4940203,K07711.01,Kepler-1 b,CANDIDATE,CANDIDATE,0.987,0,0,0,0,302.779824,0.009594,-0.009594,355.5989,0.0268,-0.0268,0.001,0.44,-0.001,16.847,0.721,-0.721,270.9,25.2,-25.2,1.31,0.34,-0.12,246.0,0.87,0.66,-0.22,12.3,1.0,q1_q17_dr25_tce,5734.0,154.0,-154.0,4.572,0.042,-0.168,0.797,0.207,-0.069,295.98404,40.043621,14.16,1,1,0,0,0,0,0,0,0,0,0,1,0.06,Low,0,0,0,1,1,Low
6092,4750962,K05083.01,Kepler-1 b,CANDIDATE,CANDIDATE,0.334,0,0,0,0,69.932459,0.001099,-0.001099,145.91179,0.00934,-0.00934,0.0356,0.4247,-0.0355,2.03,0.396,-0.396,264.4,45.6,-45.6,8.25,0.63,-1.95,812.0,102.62,32.94,-52.84,8.4,1.0,q1_q16_tce,5207.0,174.0,-233.0,3.298,0.032,-0.029,5.183,0.395,-1.227,293.05536,39.840069,13.809,0,0,0,0,0,0,0,0,1,1,0,1,0.06,Low,0,0,0,1,4,Medium
8816,4764969,K06450.01,Kepler-1 b,CANDIDATE,CANDIDATE,0.334,0,0,0,0,0.602277579,8.683e-06,-8.683e-06,131.5303,0.0112,-0.0112,0.7502,0.0469,-0.5325,2.38,0.548,-0.548,34.6,6.0,-6.0,0.78,0.29,-0.14,2699.0,12545.82,13176.69,-5080.38,26.7,1.0,q1_q17_dr24_tce,6510.0,162.0,-196.0,4.256,0.162,-0.162,1.228,0.446,-0.221,296.32202,39.856049,12.361,0,0,0,0,1,1,0,0,0,0,0,1,0.0533333333333333,Low,0,0,0,1,1,Low
2861,9230021,K03429.04,Kepler-1 b,CANDIDATE,CANDIDATE,0.508,0,0,0,0,44.433726,0.001018,-0.001018,162.9825,0.0214,-0.0214,0.624,0.02,-0.486,6.118,0.407,-0.407,239.6,30.9,-30.9,1.85,0.29,-0.29,538.0,19.73,8.21,-6.4,8.0,3.0,q1_q17_dr25_tce,5596.0,83.0,-75.0,4.298,0.143,-0.104,1.145,0.178,-0.178,296.19614,45.634331,15.364,0,0,0,0,0,0,0,0,0,0,0,0,0.0533333333333333,Low,0,0,0,1,1,Low
8589,5466109,K06582.01,Kepler-1 b,CANDIDATE,CANDIDATE,0.786,0,0,0,0,2.43135542,1.5e-05,-1.5e-05,133.92077,0.0055,-0.0055,0.12,0.342,-0.12,1.401,0.155,-0.155,123.6,16.3,-16.3,1.07,0.33,-0.11,1422.0,965.4,863.66,-292.75,9.3,1.0,q1_q17_dr25_tce,6231.0,169.0,-225.0,4.488,0.052,-0.208,0.955,0.291,-0.097,296.4718,40.681622,15.225,0,0,0,0,0,0,0,0,0,0,0,0,0.05,Low,0,0,0,1,1,Low
6480,8807988,K05572.01,Kepler-1 b,CANDIDATE,CANDIDATE,0.334,0,0,0,0,21.9578446,0.0001992,-0.0001992,135.06742,0.00672,-0.00672,0.1492,0.3757,-0.1491,1.038,0.332,-0.332,96.6,25.2,-25.2,0.78,0.14,-0.05,533.0,19.05,11.07,-4.08,6.7,1.0,q1_q16_tce,5192.0,166.0,-133.0,4.583,0.022,-0.131,0.802,0.145,-0.053,287.06146,45.03043,13.596,0,0,0,0,0,0,0,0,0,0,0,0,0.0466666666666666,Low,0,0,0,1,1,Low
3208,10157458,K01083.02,Kepler-1 b,CANDIDATE,CANDIDATE,0.819,0,0,0,0,4.57797412,4.26e-05,-4.26e-05,135.63058,0.00788,-0.00788,0.343,0.108,-0.343,2.862,0.216,-0.216,125.4,14.8,-14.8,0.96,0.28,-0.09,1024.0,259.36,225.65,-70.29,9.6,2.0,q1_q17_dr25_tce,5795.0,155.0,-172.0,4.554,0.036,-0.192,0.848,0.252,-0.079,297.39319,47.164631,15.302,0,0,0,0,0,0,0,0,0,0,0,0,0.0466666666666666,Low,0,0,0,1,1,Low
8256,3831523,K06361.01,Kepler-1 b,CANDIDATE,CANDIDATE,0.775,0,0,0,0,1.529283907,3.5205e-05,-3.5205e-05,131.4176092,0.00413,-0.00413,0.981,0.193,-0.207,14.0075,0.142,-0.142,54.8,20.75,-20.75,2.26,0.47,-1.1,2550.0,9998.13,6311.03,-7708.88,41.5,1.0,q1_q17_dr25_tce,6438.0,181.0,-227.0,3.829,0.51,-0.12,2.266,0.472,-1.101,284.89017,38.991505,11.268,0,1,0,0,0,1,0,0,0,1,0,1,0.0466666666666666,Low,0,0,0,1,1,Low
7182,6946708,K06151.01,Kepler-1 b,CANDIDATE,CANDIDATE,0.334,0,0,0,0,431.78556,0.01936,-0.01936,507.3561,0.0273,-0.0273,0.196,0.2674,-0.1958,9.135,0.862,-0.862,332.6,40.1,-40.1,1.36,0.47,-0.09,211.0,0.47,0.48,-0.1,9.4,1.0,q1_q16_tce,5642.0,175.0,-137.0,4.6,0.03,-0.207,0.747,0.258,-0.05,291.20096,42.449989,14.401,1,0,0,0,0,0,0,0,0,0,0,1,0.0466666666666666,Low,0,0,0,1,2,Low
7709,9635520,K07205.01,Kepler-1 b,CANDIDATE,CANDIDATE,0.779,0,0,0,0,2.3518268,0.0007684,-0.0007684,134.352,0.47,-0.47,1.23,4.198,-0.112,5.797,0.291,-0.291,576.6,28.0,-28.0,39.82,8.72,-13.09,1535.0,1313.37,798.56,-758.75,24.5,1.0,q1_q17_dr25_tce,5445.0,109.0,-87.0,4.14,0.322,-0.138,1.426,0.312,-0.469,284.69968,46.375092,14.106,0,0,0,1,0,0,0,0,0,0,0,1,0.0433333333333333,Low,0,1,0,1,4,Medium
6221,6197658,K05247.01,Kepler-1 b,CANDIDATE,CANDIDATE,0.334,0,0,0,0,282.0309,0.1416,-0.1416,162.5448,0.0794,-0.0794,0.3315,0.1452,-0.3314,14.69,1.9,-1.9,782.0,166.0,-166.0,3.22,2.21,-0.35,315.0,2.32,4.94,-0.75,11.8,1.0,q1_q16_tce,6343.0,153.0,-247.0,4.411,0.053,-0.386,1.137,0.781,-0.123,289.5257,41.500488,14.81,1,1,0,0,0,0,0,0,0,0,0,1,0.0433333333333333,Low,0,0,0,1,1,Low
6516,9674789,K05704.01,Kepler-1 b,CANDIDATE,CANDIDATE,0.334,0,0,0,0,96.16705,0.002072,-0.002072,134.6749,0.0143,-0.0143,0.1194,0.364,-0.1194,2.775,0.534,-0.534,270.7,47.6,-47.6,1.15,0.22,-0.09,313.0,2.26,1.46,-0.57,7.2,1.0,q1_q16_tce,5147.0,201.0,-163.0,4.617,0.031,-0.106,0.716,0.135,-0.055,300.47403,46.332039,13.419,0,0,0,0,0,0,0,0,0,0,0,0,0.0433333333333333,Low,0,0,0,1,1,Low
5486,7778664,K07849.01,Kepler-1 b,CANDIDATE,CANDIDATE,0.921,0,0,0,0,5.0263815,0.0001505,-0.0001505,135.5595,0.0229,-0.0229,0.185,0.279,-0.185,4.384,0.682,-0.682,77.2,11.1,-11.1,0.84,0.23,-0.12,1065.0,305.12,241.26,-107.21,8.5,1.0,q1_q17_dr25_tce,5783.0,155.0,-172.0,4.418,0.12,-0.18,0.962,0.259,-0.139,299.14664,43.459831,14.877,0,0,0,0,0,0,0,0,0,0,0,0,0.0433333333333333,Low,0,0,0,1,1,Low
8854,5115688,K06526.01,Kepler-1 b,CANDIDATE,CANDIDATE,0.334,0,0,0,0,486.77832,0.0197,-0.0197,529.0865,0.0245,-0.0245,0.1737,0.3112,-0.1736,15.29,1.3,-1.3,370.8,38.7,-38.7,9.3,0.57,-2.36,409.0,6.6,1.45,-3.29,10.4,1.0,q1_q17_dr24_tce,5039.0,103.0,-131.0,3.295,0.032,-0.032,4.95,0.302,-1.256,295.94925,40.247829,13.892,1,1,0,0,0,0,0,0,1,1,0,1,0.04,Low,0,0,0,1,3,Medium
312,9904059,K00145.01,Kepler-1 b,CANDIDATE,CANDIDATE,1.0,0,0,0,0,102.9641952,0.0005766,-0.0005766,158.07473,0.00377,-0.00377,0.922,0.005,-0.007,15.735,0.263,-0.263,1896.7,27.3,-27.3,39.0,1.1,-9.39,797.0,95.4,8.7,-47.04,86.1,1.0,q1_q17_dr25_tce,5047.0,40.0,-160.0,3.066,0.033,-0.027,7.119,0.201,-1.713,296.81772,46.781509,13.608,1,1,0,1,0,0,0,0,1,1,0,1,0.04,Low,0,1,0,1,4,Medium
5529,6699368,K01694.01,Kepler-1 b,CANDIDATE,CANDIDATE,0.874,0,0,0,0,3.690317047,3.991e-06,-3.991e-06,131.542094,0.000882,-0.000882,1.151,43.06,-0.087,1.3784,0.0519,-0.0519,465.5,13.6,-13.6,20.23,6.41,-2.74,1280.0,634.09,601.51,-219.34,43.0,1.0,q1_q17_dr25_tce,6120.0,181.0,-200.0,4.395,0.09,-0.21,1.054,0.334,-0.143,294.01492,42.139191,14.336,0,0,0,0,0,0,0,0,0,0,0,0,0.0366666666666666,Low,0,1,0,0,3,Medium
6615,7125794,K05358.01,Kepler-1 b,CANDIDATE,CANDIDATE,0.334,0,0,0,0,126.586058,0.003678,-0.003678,222.9909,0.0255,-0.0255,0.799,0.1494,-0.548,5.41,0.509,-0.509,124.9,15.9,-15.9,1.54,0.64,-0.26,460.0,10.54,12.8,-4.11,10.5,1.0,q1_q16_tce,6611.0,161.0,-209.0,4.269,0.136,-0.249,1.249,0.522,-0.209,294.15234,42.61898,12.968,1,0,0,0,0,0,0,0,0,0,0,1,0.0366666666666666,Low,0,0,0,1,1,Low
8735,4813750,K05088.01,Kepler-1 b,CANDIDATE,CANDIDATE,0.627,0,0,0,0,49.1782244,0.0008315,-0.0008315,165.7659,0.0133,-0.0133,0.315,0.127,-0.315,5.8,0.333,-0.333,449.0,54.0,-54.0,1.79,0.37,-0.25,468.0,11.32,7.32,-3.9,9.4,1.0,q1_q17_dr25_tce,5674.0,170.0,-170.0,4.473,0.121,-0.148,0.839,0.176,-0.117,283.67819,39.964279,15.527,0,0,0,0,0,0,0,0,0,0,0,0,0.0366666666666666,Low,0,0,0,1,1,Low
7171,11656928,K06242.03,Kepler-1 b,CANDIDATE,CANDIDATE,0.334,0,0,0,0,78.86684,0.00305,-0.00305,143.7314,0.033,-0.033,0.2074,0.2603,-0.2074,4.5,1.0,-1.0,86.1,17.0,-17.0,1.3,0.77,-0.21,573.0,25.44,45.85,-9.86,4.8,6.0,q1_q16_tce,6907.0,172.0,-237.0,4.264,0.097,-0.336,1.381,0.82,-0.222,289.03772,49.712601,12.914,0,0,0,0,0,0,0,0,0,0,0,0,0.0333333333333333,Low,0,0,0,1,1,Low
9562,10128825,K07986.01,Kepler-1 b,CANDIDATE,CANDIDATE,0.497,0,0,0,0,1.73984941,1.78e-05,-1.78e-05,133.00127,0.00769,-0.00769,0.043,0.423,-0.043,3.114,0.229,-0.229,48.5,5.4,-5.4,0.72,0.24,-0.08,1608.0,1585.81,1537.86,-502.22,10.6,1.0,q1_q17_dr25_tce,6119.0,165.0,-220.0,4.444,0.056,-0.224,1.031,0.341,-0.114,286.50937,47.163219,14.757,0,0,0,0,0,0,0,0,0,0,0,0,0.0333333333333333,Low,0,0,0,0,0,Low
5975,4241238,K05048.01,Kepler-1 b,CANDIDATE,CANDIDATE,0.334,0,0,0,0,138.333748,0.00169,-0.00169,209.39452,0.00792,-0.00792,0.4579,0.0084,-0.4579,2.391,0.271,-0.271,603.6,84.6,-84.6,6.28,4.32,-1.18,488.0,13.45,28.94,-5.29,8.4,1.0,q1_q16_tce,4948.0,126.0,-101.0,3.588,0.168,-0.371,2.547,1.753,-0.48,284.63876,39.355179,13.419,1,0,0,0,0,0,0,0,1,1,0,1,0.0333333333333333,Low,0,0,0,1,4,Medium
6750,9229807,K05645.01,Kepler-1 b,CANDIDATE,CANDIDATE,0.334,0,0,0,0,580.85326788,3.5205e-05,-3.5205e-05,386.2877879,0.00413,-0.00413,0.537,0.193,-0.207,16.63,0.142,-0.142,421.1,20.75,-20.75,2.39,0.52,-0.3,878.0,141.6,72.83,-40.26,23.0,1.0,q1_q16_tce,5767.0,157.0,-160.0,4.438,0.07,-0.128,1.0,0.251,-0.111,296.12985,45.681862,15.927,1,1,0,0,0,0,0,0,0,0,0,1,0.03,Low,0,0,0,1,1,Low
8158,6603765,K06739.01,Kepler-1 b,CANDIDATE,CANDIDATE,0.646,0,0,0,0,19.164111,0.0002577,-0.0002577,139.8244,0.013,-0.013,0.805,0.159,-0.584,2.773,0.451,-0.451,215.9,35.0,-35.0,1.11,0.14,-0.09,519.0,17.12,7.51,-4.05,8.1,1.0,q1_q17_dr25_tce,5103.0,153.0,-138.0,4.65,0.033,-0.077,0.674,0.088,-0.052,291.09485,42.002918,15.455,0,0,0,0,0,0,0,0,0,0,0,0,0.03,Low,0,0,0,1,1,Low
8366,8677057,K07903.01,Kepler-1 b,CANDIDATE,CANDIDATE,0.967,0,0,0,0,0.694611128,3.741e-06,-3.741e-06,131.93244,0.00414,-0.00414,0.176,0.283,-0.176,1.115,0.152,-0.152,98.8,13.7,-13.7,0.64,0.06,-0.04,1415.0,945.45,318.96,-218.14,9.3,1.0,q1_q17_dr25_tce,4612.0,124.0,-138.0,4.646,0.024,-0.052,0.662,0.064,-0.045,286.31052,44.838188,15.7,0,0,0,0,0,0,0,0,0,0,0,0,0.03,Low,0,0,0,1,1,Low
5548,6750902,K03980.01,Kepler-1 b,CANDIDATE,CANDIDATE,1.0,0,0,0,0,0.469334634,3.94e-07,-3.94e-07,131.736456,0.000732,-0.000732,0.95,0.047,-0.692,0.8864,0.0274,-0.0274,340.4,10.5,-10.5,2.4,0.68,-0.36,2432.0,8264.27,6839.91,-2935.1,49.1,1.0,q1_q17_dr25_tce,5888.0,159.0,-159.0,4.394,0.124,-0.186,1.008,0.284,-0.153,281.24307,42.254929,14.67,0,0,0,0,0,1,0,0,0,0,0,1,0.03,Low,0,0,0,1,1,Low
3090,12366084,K00787.03,Kepler-1 b,CANDIDATE,CANDIDATE,0.866,0,0,0,0,0.589376952,6.484e-06,-6.484e-06,131.8694,0.0109,-0.0109,0.491,0.039,-0.446,1.71,0.252,-0.252,80.7,8.8,-8.8,0.93,0.14,-0.07,2162.0,5161.1,1987.54,-1003.97,11.4,3.0,q1_q17_dr25_tce,5714.0,77.0,-77.0,4.428,0.063,-0.117,1.015,0.148,-0.079,295.81616,51.121738,15.367,0,0,0,0,0,1,0,0,0,0,0,1,0.0266666666666666,Low,0,0,0,1,1,Low
5806,7747103,K07847.01,Kepler-1 b,CANDIDATE,CANDIDATE,0.181,0,0,0,0,399.37587,0.0688,-0.0688,300.0792,0.093,-0.093,0.556,0.009,-0.502,21.25,5.0,-5.0,552.2,71.9,-71.9,3.93,1.05,-1.4,326.0,2.66,2.19,-1.72,11.9,1.0,q1_q17_dr25_tce,6098.0,195.0,-238.0,4.069,0.322,-0.161,1.618,0.431,-0.575,289.7308,43.497368,13.281,1,1,0,0,0,0,0,0,0,0,0,1,0.0266666666666666,Low,0,0,0,1,1,Low
8138,3219037,K03395.02,Kepler-1 b,CANDIDATE,CANDIDATE,0.334,0,0,0,0,5.0395851,0.0001184,-0.0001184,133.828,0.0146,-0.0146,0.1968,0.2686,-0.1967,4.556,0.624,-0.624,70.1,9.5,-9.5,0.78,0.3,-0.1,1067.0,306.35,355.69,-92.41,9.6,2.0,q1_q17_dr24_tce,5912.0,164.0,-161.0,4.453,0.082,-0.082,0.924,0.362,-0.108,286.54041,38.3326,14.634,0,0,0,0,0,0,0,0,0,0,0,0,0.0266666666666666,Low,0,0,0,1,1,Low
2577,5196864,K02695.01,Kepler-1 b,CANDIDATE,CANDIDATE,1.0,0,0,0,0,2.50343279,1.002e-05,-1.002e-05,131.94522,0.0032,-0.0032,1.178,46.41,-0.248,1.534,0.192,-0.192,1156.0,110.0,-110.0,20.23,2.7,-2.43,1147.0,408.12,188.0,-128.21,13.2,1.0,q1_q17_dr25_tce,5174.0,169.0,-154.0,4.483,0.095,-0.105,0.84,0.112,-0.101,294.54373,40.313862,15.601,0,0,0,0,0,0,0,0,0,0,0,0,0.0266666666666666,Low,0,1,0,0,3,Medium
4501,9571186,K03313.01,Kepler-1 b,CANDIDATE,CANDIDATE,1.0,0,0,0,0,34.9524256,0.0001243,-0.0001243,163.52048,0.00298,-0.00298,1.225,70.24,-3.321,1.717,0.162,-0.162,677.0,53.0,-53.0,21.74,1.81,-1.51,429.0,8.02,2.67,-1.86,15.8,1.0,q1_q17_dr25_tce,4921.0,159.0,-145.0,4.591,0.024,-0.064,0.779,0.065,-0.054,283.04764,46.265331,14.767,0,0,0,0,0,0,0,0,0,0,0,0,0.0233333333333333,Low,0,1,0,0,3,Medium
7286,8263187,K07878.01,Kepler-1 b,CANDIDATE,CANDIDATE,0.175,0,0,0,0,36.566324,0.001142,-0.001142,141.4473,0.0313,-0.0313,0.018,0.413,-0.018,4.832,0.488,-0.488,2943.0,425.0,-425.0,15.41,5.92,-10.99,828.0,110.92,136.29,-103.02,8.1,1.0,q1_q17_dr25_tce,5294.0,204.0,-186.0,3.599,0.944,-0.295,2.884,1.108,-2.057,300.63809,44.156269,17.195,0,0,0,0,0,0,0,0,1,1,0,1,0.0233333333333333,Low,0,1,0,1,5,High
2495,6716021,K02679.01,Kepler-1 b,CANDIDATE,CANDIDATE,0.984,0,0,0,0,110.7556272,0.0005155,-0.0005155,144.80528,0.00372,-0.00372,0.917,65.42,-0.048,6.819,0.171,-0.171,8067.0,204.0,-204.0,29.64,4.83,-10.44,651.0,42.53,21.42,-26.73,48.5,1.0,q1_q17_dr25_tce,6525.0,176.0,-195.0,3.772,0.32,-0.08,2.668,0.434,-0.94,297.84125,42.118252,13.455,1,0,1,0,0,0,0,0,1,1,0,1,0.0233333333333333,Low,0,1,0,1,6,High
9001,10331279,K08000.01,Kepler-1 b,CANDIDATE,CANDIDATE,0.975,0,0,0,0,225.48805,0.01866,-0.01866,224.2023,0.0772,-0.0772,0.817,0.024,-0.568,19.46,2.3,-2.3,379.9,42.1,-42.1,1.7,0.43,-0.14,267.0,1.2,0.9,-0.3,11.6,1.0,q1_q17_dr25_tce,5663.0,169.0,-152.0,4.579,0.04,-0.16,0.782,0.194,-0.065,288.27457,47.495781,15.306,1,1,0,0,0,0,0,0,0,0,0,1,0.0233333333333333,Low,0,0,0,1,1,Low
4091,6223324,K04274.01,Kepler-1 b,CANDIDATE,CANDIDATE,0.972,0,0,0,0,1.97507424,1.386e-05,-1.386e-05,132.3567,0.00594,-0.00594,0.152,0.303,-0.152,2.61,0.175,-0.175,130.5,10.4,-10.4,1.08,0.35,-0.11,1477.0,1122.82,1093.9,-356.17,15.0,1.0,q1_q17_dr25_tce,6065.0,190.0,-232.0,4.495,0.052,-0.208,0.947,0.304,-0.101,296.81158,41.51569,15.276,0,0,0,0,0,0,0,0,0,0,0,0,0.0233333333333333,Low,0,0,0,0,0,Low
666,11122894,K01426.03,Kepler-1 b,CANDIDATE,CANDIDATE,0.999,0,0,0,0,150.0189511,0.0001744,-0.0001744,224.685714,0.000916,-0.000916,1.252,67.03,-0.169,4.3823,0.0486,-0.0486,4319.7,46.8,-46.8,32.6,3.6,-2.94,325.0,2.62,0.88,-0.62,106.2,2.0,q1_q17_dr25_tce,5618.0,112.0,-112.0,4.46,0.081,-0.09,0.897,0.099,-0.081,283.20917,48.777641,14.232,1,0,1,1,0,0,0,0,0,0,0,1,0.0233333333333333,Low,0,1,0,1,6,High
6181,3540873,K04986.01,Kepler-1 b,CANDIDATE,CANDIDATE,0.334,0,0,0,0,444.04257,0.02842,-0.02842,334.6734,0.0399,-0.0399,0.062,0.3936,-0.062,10.9,1.1,-1.1,417.4,63.7,-63.7,1.48,0.47,-0.08,211.0,0.47,0.43,-0.1,7.4,1.0,q1_q16_tce,5776.0,167.0,-149.0,4.622,0.026,-0.199,0.726,0.228,-0.042,290.3548,38.672531,14.795,1,0,0,0,0,0,0,0,0,0,0,1,0.02,Low,0,0,0,1,2,Low
9559,8765560,K03891.01,Kepler-1 b,CANDIDATE,CANDIDATE,1.0,0,0,0,0,47.1096306,0.000194,-0.000194,144.13172,0.00343,-0.00343,1.23,6.923,-0.605,5.741,0.172,-0.172,752.2,22.2,-22.2,78.98,30.94,-57.45,751.0,75.4,89.11,-70.44,35.1,1.0,q1_q17_dr25_tce,5258.0,159.0,-159.0,3.597,0.968,-0.242,2.78,1.089,-2.022,296.15601,44.92009,13.731,0,0,0,1,0,0,0,0,1,1,0,1,0.02,Low,0,1,0,1,4,Medium
7233,10730703,K02327.02,Kepler-1 b,CANDIDATE,CANDIDATE,0.334,0,0,0,0,46.331703,0.0008285,-0.0008285,173.2164,0.016,-0.016,0.1484,0.3026,-0.1484,4.514,0.411,-0.411,299.9,34.2,-34.2,1.39,0.52,-0.1,441.0,8.98,10.12,-2.09,9.4,2.0,q1_q17_dr24_tce,5477.0,163.0,-151.0,4.571,0.026,-0.252,0.815,0.306,-0.06,291.65778,48.009312,15.378,0,0,0,0,0,0,0,0,0,0,0,0,0.02,Low,0,0,0,1,1,Low
3483,9413156,K04700.02,Kepler-1 b,CANDIDATE,CANDIDATE,0.573,0,0,0,0,66.47762,0.001134,-0.001134,184.2673,0.0137,-0.0137,0.384,0.067,-0.384,4.487,0.304,-0.304,553.5,63.4,-63.4,1.83,0.39,-0.16,388.0,5.34,3.58,-1.53,9.1,2.0,q1_q17_dr25_tce,5515.0,182.0,-199.0,4.592,0.036,-0.135,0.775,0.164,-0.07,295.36145,45.914841,15.972,0,0,0,0,0,0,0,0,0,0,0,0,0.02,Low,0,0,0,1,1,Low
6889,11348610,K05888.01,Kepler-1 b,CANDIDATE,CANDIDATE,0.334,0,0,0,0,190.860818,0.004524,-0.004524,256.5195,0.0104,-0.0104,0.4668,0.0488,-0.4668,2.823,0.672,-0.672,512.0,133.0,-133.0,1.84,0.68,-0.14,273.0,1.32,1.45,-0.3,6.2,1.0,q1_q16_tce,5463.0,164.0,-142.0,4.578,0.026,-0.24,0.803,0.295,-0.059,290.8688,49.105068,15.491,1,0,0,0,0,0,0,0,0,0,0,1,0.02,Low,0,0,0,1,2,Low
4582,5097856,K07716.01,Kepler-1 b,CANDIDATE,CANDIDATE,0.23,0,0,0,0,483.36405,0.04975,-0.04975,483.0784,0.0593,-0.0593,0.614,0.049,-0.468,15.61,2.0,-2.0,285.4,40.9,-40.9,1.27,0.25,-0.1,202.0,0.39,0.24,-0.09,8.3,1.0,q1_q17_dr25_tce,5700.0,171.0,-153.0,4.626,0.032,-0.128,0.718,0.143,-0.054,291.37067,40.216061,14.861,1,1,0,0,0,0,0,0,0,0,0,1,0.0166666666666666,Low,0,0,0,1,2,Low
5985,5529385,K05176.01,Kepler-1 b,CANDIDATE,CANDIDATE,0.334,0,0,0,0,215.732414,0.005771,-0.005771,294.363,0.0109,-0.0109,0.4046,0.1079,-0.4046,1.915,0.425,-0.425,208.2,48.3,-48.3,1.26,0.55,-0.15,292.0,1.72,2.27,-0.49,7.3,1.0,q1_q16_tce,5790.0,164.0,-135.0,4.479,0.083,-0.284,0.856,0.379,-0.097,290.43491,40.777241,13.372,1,0,0,0,0,0,0,0,0,0,0,1,0.0166666666666666,Low,0,0,0,1,2,Low
8575,7755741,K06913.02,Kepler-1 b,CANDIDATE,CANDIDATE,0.334,0,0,0,0,1.75173647,3.763e-05,-3.763e-05,132.2995,0.021,-0.021,0.6637,0.2752,-0.4477,5.122,0.675,-0.675,68.4,8.2,-8.2,3.86,0.53,-1.36,4900.0,136315.31,57819.63,-88097.08,10.2,3.0,q1_q17_dr24_tce,10894.0,261.0,-461.0,3.667,0.303,-0.303,4.378,0.605,-1.539,292.78702,43.416039,13.752,0,0,0,0,1,1,0,1,1,1,0,1,0.0166666666666666,Low,0,0,0,1,1,Low
1877,4247991,K02311.02,Kepler-1 b,CANDIDATE,CANDIDATE,0.334,0,0,0,0,13.72549689,3.5205e-05,-3.5205e-05,145.03352,0.00413,-0.00413,0.537,0.193,-0.207,7.62,0.142,-0.142,421.1,20.75,-20.75,2.39,0.52,-0.3,878.0,141.6,72.83,-40.26,23.0,1.0,q1_q17_dr25_tce,5767.0,157.0,-160.0,4.438,0.07,-0.128,1.0,0.251,-0.111,287.24118,39.33276,12.57,0,0,0,0,0,0,0,0,0,0,0,0,0.0166666666666666,Low,0,0,0,0,0,Low
7208,12367464,K06250.01,Kepler-1 b,CANDIDATE,CANDIDATE,0.991,0,1,0,0,1.853209359,4.49e-07,-4.49e-07,132.249661,0.000201,-0.000201,0.99,2.122,-0.035,1.7543,0.00965,-0.00965,12319.0,51.3,-51.3,32.99,8.44,-12.65,2100.0,4584.55,3501.28,-3076.77,238.9,1.0,q1_q17_dr25_tce,6384.0,181.0,-227.0,4.026,0.312,-0.144,1.716,0.439,-0.658,296.41437,51.162006,13.085,0,0,1,1,0,1,1,0,0,0,0,1,0.0166666666666666,Low,1,1,0,1,13,High
6745,9214176,K05640.01,Kepler-1 b,CANDIDATE,CANDIDATE,0.334,0,0,0,0,348.665961,0.006518,-0.006518,165.8497,0.0174,-0.0174,0.0873,0.3565,-0.0873,3.849,0.419,-0.419,391.2,45.4,-45.4,9.56,1.03,-1.48,493.0,13.93,4.57,-4.84,10.8,1.0,q1_q16_tce,5183.0,102.0,-116.0,3.166,0.029,-0.031,4.89,0.529,-0.757,290.15314,45.635471,12.038,1,0,0,0,0,0,0,0,1,1,0,1,0.0166666666666666,Low,0,0,0,1,3,Medium
1242,8081482,K01539.01,Kepler-1 b,CANDIDATE,CANDIDATE,0.488,0,1,0,0,2.819453322,1.83e-06,-1.83e-06,133.870141,0.00054,-0.00054,0.532,0.021,-0.027,4.4127,0.0411,-0.0411,71867.0,443.0,-443.0,29.8,8.46,-5.63,1357.0,803.4,669.34,-329.56,202.0,1.0,q1_q17_dr25_tce,5767.0,155.0,-155.0,4.33,0.18,-0.18,1.074,0.305,-0.203,284.664,43.98502,14.569,0,0,1,0,0,0,1,0,0,0,0,1,0.0133333333333333,Low,1,1,0,1,12,High
6478,8747910,K05570.01,Kepler-1 b,CANDIDATE,CANDIDATE,0.334,0,0,0,0,574.65297,0.02898,-0.02898,365.2946,0.0539,-0.0539,0.5663,0.2172,-0.4553,4.37,1.1,-1.1,725.0,243.0,-243.0,2.28,0.97,-0.19,196.0,0.35,0.45,-0.08,7.4,1.0,q1_q16_tce,5596.0,158.0,-143.0,4.553,0.034,-0.276,0.821,0.348,-0.067,289.62814,44.942421,14.789,1,0,0,0,0,0,0,0,0,0,0,1,0.0133333333333333,Low,0,0,0,1,2,Low
6117,4770798,K05087.01,Kepler-1 b,CANDIDATE,CANDIDATE,0.334,0,0,0,0,651.07431,0.01577,-0.01577,216.3882,0.0224,-0.0224,0.0343,0.4067,-0.0341,5.603,0.625,-0.625,153.7,26.2,-26.2,1.55,0.59,-0.35,234.0,0.71,0.81,-0.32,7.1,1.0,q1_q16_tce,5696.0,156.0,-148.0,4.218,0.207,-0.219,1.261,0.482,-0.28,297.50919,39.88802,12.524,1,0,0,0,0,0,0,0,0,0,0,1,0.0133333333333333,Low,0,0,0,1,2,Low
6904,3559935,K00492.02,Kepler-1 b,CANDIDATE,CANDIDATE,0.334,0,0,0,0,265.29617,0.01548,-0.01548,297.8704,0.0236,-0.0236,0.3323,0.1105,-0.3321,4.1,0.923,-0.923,608.0,134.0,-134.0,2.99,1.16,-0.6,302.0,1.97,2.29,-0.84,5.9,2.0,q1_q16_tce,5589.0,163.0,-154.0,4.27,0.175,-0.23,1.218,0.472,-0.244,295.18292,38.654228,14.424,1,0,0,0,0,0,0,0,0,0,0,1,0.0133333333333333,Low,0,0,0,1,2,Low
8217,6614748,K06745.01,Kepler-1 b,CANDIDATE,CANDIDATE,0.334,0,0,0,0,383.85362,0.01802,-0.01802,426.5941,0.0346,-0.0346,0.5927,0.0136,-0.5111,9.76,1.6,-1.6,422.9,65.8,-65.8,2.78,1.22,-0.46,314.0,2.29,2.91,-0.94,7.5,1.0,q1_q17_dr24_tce,6675.0,150.0,-279.0,4.341,0.076,-0.076,1.293,0.572,-0.211,294.28693,42.032791,15.232,1,0,0,0,0,0,0,0,0,0,0,1,0.0133333333333333,Low,0,0,0,1,2,Low
7279,9966219,K03401.02,Kepler-1 b,CANDIDATE,CANDIDATE,0.334,0,0,0,0,326.6708,0.01608,-0.01608,327.7185,0.0385,-0.0385,0.6133,0.0169,-0.4804,10.84,1.5,-1.5,386.4,39.6,-39.6,2.2,0.75,-0.35,283.0,1.52,1.54,-0.57,10.8,1.0,q1_q16_tce,5896.0,162.0,-169.0,4.343,0.138,-0.232,1.072,0.368,-0.172,297.47839,46.81575,14.388,1,0,0,0,0,0,0,0,0,0,0,1,0.01,Low,0,0,0,1,1,Low
562,5297298,K00130.01,Kepler-1 b,CANDIDATE,CANDIDATE,0.913,0,0,0,0,34.193600311,3.658e-06,-3.658e-06,155.2966351,8.58e-05,-8.58e-05,0.625,0.004,-0.005,5.41382,0.00803,-0.00803,13715.0,11.6,-11.6,21.95,3.79,-4.63,778.0,86.74,43.36,-36.96,1405.6,1.0,q1_q17_dr25_tce,6129.0,135.0,-123.0,3.991,0.175,-0.094,1.786,0.308,-0.377,297.36032,40.42981,13.325,0,0,1,0,0,0,1,0,0,0,0,1,0.01,Low,0,1,0,1,7,High
5925,5394585,K05158.01,Kepler-1 b,CANDIDATE,CANDIDATE,0.334,0,0,0,0,151.13008,0.01071,-0.01071,278.463,0.0502,-0.0502,0.0529,0.4146,-0.0528,3.49,1.0,-1.0,358.0,108.0,-108.0,4.41,1.27,-1.78,578.0,26.4,22.21,-18.17,4.6,1.0,q1_q16_tce,6768.0,178.0,-225.0,3.844,0.351,-0.143,2.302,0.664,-0.927,299.38071,40.535671,11.867,1,0,0,0,0,0,0,0,0,1,0,1,0.01,Low,0,0,0,1,4,Medium
5680,8376848,K04007.01,Kepler-1 b,CANDIDATE,CANDIDATE,0.964,0,0,0,0,11.4927112,0.0001425,-0.0001425,133.3086,0.0102,-0.0102,1.212,6.882,-0.313,7.764,0.527,-0.527,291.5,18.7,-18.7,25.01,7.77,-2.78,858.0,127.97,119.68,-40.83,18.7,1.0,q1_q17_dr25_tce,6198.0,188.0,-225.0,4.464,0.054,-0.216,1.005,0.312,-0.112,295.74899,44.37476,15.472,0,0,0,0,0,0,0,0,0,0,0,0,0.01,Low,0,1,0,0,3,Medium
9295,6531617,K07785.01,Kepler-1 b,CANDIDATE,CANDIDATE,0.323,0,0,0,0,433.220461,0.005076,-0.005076,271.04277,0.00977,-0.00977,0.178,0.281,-0.178,2.725,0.49,-0.49,725.1,94.1,-94.1,2.07,0.33,-0.25,203.0,0.4,0.2,-0.13,9.5,1.0,q1_q17_dr25_tce,5232.0,156.0,-156.0,4.519,0.096,-0.168,0.777,0.126,-0.094,294.62714,41.933182,14.546,1,0,0,0,0,0,0,0,0,0,0,1,0.01,Low,0,0,0,1,2,Low
6691,9994381,K05749.01,Kepler-1 b,CANDIDATE,CANDIDATE,0.334,0,0,0,0,281.95332,0.004673,-0.004673,231.2826,0.0126,-0.0126,0.6164,0.0113,-0.5004,2.756,0.361,-0.361,1039.0,152.0,-152.0,2.31,0.32,-0.17,204.0,0.41,0.19,-0.09,7.6,1.0,q1_q16_tce,4864.0,150.0,-130.0,4.628,0.031,-0.073,0.692,0.093,-0.053,282.93451,46.994869,15.399,1,0,0,0,0,0,0,0,0,0,0,1,0.01,Low,0,0,0,1,2,Low
6483,9579606,K05694.01,Kepler-1 b,CANDIDATE,CANDIDATE,0.334,0,0,0,0,107.904526,0.001667,-0.001667,159.9493,0.0131,-0.0131,0.2415,0.2474,-0.2415,2.053,0.328,-0.328,249.4,49.8,-49.8,1.26,0.43,-0.09,337.0,3.05,3.06,-0.68,6.1,1.0,q1_q16_tce,5565.0,154.0,-136.0,4.574,0.029,-0.218,0.802,0.272,-0.059,287.86899,46.26936,14.295,1,0,0,0,0,0,0,0,0,0,0,1,0.01,Low,0,0,0,1,2,Low
6183,3542928,K04988.01,Kepler-1 b,CANDIDATE,CANDIDATE,0.334,0,0,0,0,484.172005,0.008306,-0.008306,545.2208,0.0103,-0.0103,0.3737,0.0926,-0.3734,4.566,0.49,-0.49,518.2,55.6,-55.6,2.38,1.1,-0.23,235.0,0.72,1.01,-0.21,11.3,1.0,q1_q16_tce,5858.0,168.0,-218.0,4.456,0.049,-0.311,1.04,0.483,-0.101,290.96146,38.673439,13.881,1,0,0,0,0,0,0,0,0,0,0,1,0.01,Low,0,0,0,1,1,Low
6829,12168895,K05959.01,Kepler-1 b,CANDIDATE,CANDIDATE,0.334,0,0,0,0,251.48808,0.03783,-0.03783,192.461,0.139,-0.139,0.8011,0.0146,-0.6006,6.8,2.6,-2.6,305.0,136.0,-136.0,1.74,0.71,-0.14,284.0,1.55,1.84,-0.4,6.4,1.0,q1_q16_tce,5979.0,156.0,-175.0,4.52,0.036,-0.294,0.902,0.366,-0.076,296.24155,50.78051,14.495,1,0,0,0,0,0,0,0,0,0,0,1,0.01,Low,0,0,0,1,2,Low
7853,6368222,K06697.01,Kepler-1 b,CANDIDATE,CANDIDATE,0.334,0,0,0,0,82.97062172,3.5205e-05,-3.5205e-05,171.428214,0.00413,-0.00413,0.537,0.193,-0.207,8.22,0.142,-0.142,421.1,20.75,-20.75,2.39,0.52,-0.3,878.0,141.6,72.83,-40.26,23.0,3.0,q1_q17_dr24_tce,5767.0,157.0,-160.0,4.438,0.07,-0.128,1.0,0.251,-0.111,293.16202,41.735229,13.678,0,0,0,0,0,0,0,0,0,0,0,0,0.01,Low,0,0,0,0,0,Low
6397,9417931,K05671.01,Kepler-1 b,CANDIDATE,CANDIDATE,0.334,0,0,0,0,190.905243,0.004446,-0.004446,193.3008,0.0159,-0.0159,0.3708,0.1451,-0.3285,2.529,0.407,-0.407,227.1,38.8,-38.8,1.73,0.68,-0.27,356.0,3.81,4.39,-1.4,7.4,1.0,q1_q16_tce,6098.0,159.0,-183.0,4.321,0.134,-0.252,1.131,0.444,-0.175,296.97369,45.995209,13.574,1,0,0,0,0,0,0,0,0,0,0,1,0.0066666666666666,Low,0,0,0,1,2,Low
3835,8240790,K04426.01,Kepler-1 b,CANDIDATE,CANDIDATE,0.334,0,0,0,0,369.13236,0.02649,-0.02649,235.5195,0.0274,-0.0274,0.0824,0.3649,-0.0823,10.34,0.899,-0.899,215.9,26.9,-26.9,2.14,1.13,-0.55,328.0,2.73,4.33,-1.42,11.9,1.0,q1_q17_dr25_tce,6282.0,167.0,-209.0,4.151,0.224,-0.268,1.449,0.762,-0.374,294.45038,44.166779,13.665,1,0,0,0,0,0,0,0,0,0,0,1,0.0066666666666666,Low,0,0,0,1,1,Low
6716,9173014,K05633.01,Kepler-1 b,CANDIDATE,CANDIDATE,0.334,0,0,0,0,151.77884,0.002291,-0.002291,204.5209,0.012,-0.012,0.159,0.2876,-0.1589,2.615,0.484,-0.484,189.7,34.9,-34.9,4.35,1.1,-2.09,616.0,34.01,25.2,-25.84,8.2,1.0,q1_q16_tce,6328.0,165.0,-182.0,3.634,0.434,-0.191,3.134,0.794,-1.506,298.11365,45.563419,11.141,1,0,0,0,0,0,0,0,1,1,0,1,0.0066666666666666,Low,0,0,0,1,4,Medium
1982,8676038,K02410.01,Kepler-1 b,CANDIDATE,CANDIDATE,0.334,0,0,0,0,186.65435483,3.5205e-05,-3.5205e-05,187.3800339,0.00413,-0.00413,0.537,0.193,-0.207,10.51,0.142,-0.142,421.1,20.75,-20.75,2.39,0.52,-0.3,878.0,141.6,72.83,-40.26,23.0,1.0,q1_q17_dr25_tce,5767.0,157.0,-160.0,4.438,0.07,-0.128,1.0,0.251,-0.111,285.74298,44.85783,15.141,1,0,0,0,0,0,0,0,0,0,0,1,0.0066666666666666,Low,0,0,0,1,1,Low
4256,9007151,K04583.01,Kepler-1 b,CANDIDATE,CANDIDATE,0.334,0,0,0,0,330.906041,0.006806,-0.006806,253.8224,0.015,-0.015,0.005,0.4585,-0.005,3.846,0.627,-0.627,740.0,146.0,-146.0,2.05,0.52,-0.15,225.0,0.6,0.48,-0.13,7.3,1.0,q1_q17_dr25_tce,5461.0,171.0,-140.0,4.589,0.03,-0.157,0.769,0.197,-0.057,285.66843,45.374771,15.77,1,0,0,0,0,0,0,0,0,0,0,1,0.0033333333333333,Low,0,0,0,1,2,Low
1984,8676038,K02410.02,Kepler-1 b,CANDIDATE,CANDIDATE,0.334,0,0,0,0,86.59322294,3.5205e-05,-3.5205e-05,201.0035479,0.00413,-0.00413,0.537,0.193,-0.207,7.98,0.142,-0.142,421.1,20.75,-20.75,2.39,0.52,-0.3,878.0,141.6,72.83,-40.26,23.0,1.0,q1_q17_dr25_tce,5767.0,157.0,-160.0,4.438,0.07,-0.128,1.0,0.251,-0.111,285.74298,44.85783,15.141,0,0,0,0,0,0,0,0,0,0,0,0,0.0033333333333333,Low,0,0,0,0,0,Low
5952,5436455,K05164.01,Kepler-1 b,CANDIDATE,CANDIDATE,0.334,0,0,0,0,209.967521,0.003005,-0.003005,241.95921,0.00876,-0.00876,0.2723,0.201,-0.2722,2.585,0.342,-0.342,120.0,20.2,-20.2,1.16,0.55,-0.11,344.0,3.29,4.61,-0.89,7.1,1.0,q1_q16_tce,6437.0,148.0,-198.0,4.439,0.049,-0.312,1.042,0.5,-0.096,287.87424,40.630409,12.489,1,0,0,0,0,0,0,0,0,0,0,1,0.0033333333333333,Low,0,0,0,1,2,Low
6380,10459749,K05795.01,Kepler-1 b,CANDIDATE,CANDIDATE,0.334,0,0,0,0,19.11280242,3.5205e-05,-3.5205e-05,143.6245952,0.00413,-0.00413,0.537,0.193,-0.207,1.58,0.142,-0.142,421.1,20.75,-20.75,2.39,0.52,-0.3,878.0,141.6,72.83,-40.26,23.0,1.0,q1_q16_tce,5767.0,157.0,-160.0,4.438,0.07,-0.128,1.0,0.251,-0.111,287.11761,47.61618,15.952,0,0,0,0,0,0,0,0,0,0,0,0,0.0033333333333333,Low,0,0,0,0,0,Low
1660,7033233,K02339.02,Kepler-1 b,CANDIDATE,CANDIDATE,0.334,0,0,0,0,65.18703725,3.5205e-05,-3.5205e-05,177.6208875,0.00413,-0.00413,0.537,0.193,-0.207,5.44,0.142,-0.142,421.1,20.75,-20.75,2.39,0.52,-0.3,878.0,141.6,72.83,-40.26,23.0,1.0,q1_q17_dr25_tce,5767.0,157.0,-160.0,4.438,0.07,-0.128,1.0,0.251,-0.111,291.66928,42.59071,15.13,0,0,0,0,0,0,0,0,0,0,0,0,0.0033333333333333,Low,0,0,0,0,0,Low
8295,4862924,K07554.01,Kepler-1 b,CANDIDATE,CANDIDATE,0.334,0,0,0,0,482.62011,0.03127,-0.03127,314.0653,0.0387,-0.0387,0.1786,0.2704,-0.1786,12.86,1.3,-1.3,324.0,46.1,-46.1,1.98,1.02,-0.21,263.0,1.12,1.72,-0.34,8.1,1.0,q1_q17_dr24_tce,6315.0,167.0,-217.0,4.389,0.071,-0.071,1.095,0.558,-0.117,298.27673,39.903851,14.519,1,1,0,0,0,0,0,0,0,0,0,1,0.0033333333333333,Low,0,0,0,1,2,Low
6121,4833409,K05092.01,Kepler-1 b,CANDIDATE,CANDIDATE,0.334,0,0,0,0,271.790292,0.002987,-0.002987,195.52243,0.0099,-0.0099,0.0142,0.4466,-0.014,2.944,0.365,-0.365,318.4,45.7,-45.7,2.38,1.32,-0.45,354.0,3.72,6.24,-1.58,8.1,1.0,q1_q16_tce,6484.0,167.0,-223.0,4.258,0.136,-0.305,1.32,0.734,-0.247,291.10825,39.955681,13.887,1,0,0,0,0,0,0,0,0,0,0,1,0.0,Low,0,0,0,1,2,Low
9363,11714107,K08063.01,Kepler-1 b,CANDIDATE,CANDIDATE,0.471,0,0,0,0,405.35457,0.01234,-0.01234,311.8,0.0265,-0.0265,0.285,0.163,-0.285,10.778,0.802,-0.802,545.6,63.9,-63.9,2.11,0.56,-0.24,232.0,0.69,0.54,-0.21,10.2,1.0,q1_q17_dr25_tce,5650.0,152.0,-169.0,4.487,0.06,-0.18,0.906,0.242,-0.104,292.58734,49.834469,15.328,1,0,0,0,0,0,0,0,0,0,0,1,0.0,Low,0,0,0,1,1,Low
5961,6517200,K05290.01,Kepler-1 b,CANDIDATE,CANDIDATE,0.334,0,0,0,0,435.50635,0.03899,-0.03899,267.6857,0.0727,-0.0727,0.1452,0.2898,-0.1451,34.16,2.1,-2.1,553.8,65.9,-65.9,2.06,0.72,-0.15,225.0,0.61,0.63,-0.15,8.2,1.0,q1_q16_tce,5750.0,161.0,-164.0,4.538,0.027,-0.258,0.882,0.308,-0.066,290.20068,41.946289,15.667,1,1,0,0,0,0,0,0,0,0,0,1,0.0,Low,0,0,0,1,2,Low
1876,4247991,K02311.01,Kepler-1 b,CANDIDATE,CANDIDATE,0.334,0,0,0,0,191.86419296,3.5205e-05,-3.5205e-05,294.47036,0.00413,-0.00413,0.537,0.193,-0.207,4.9,0.142,-0.142,421.1,20.75,-20.75,2.39,0.52,-0.3,878.0,141.6,72.83,-40.26,23.0,1.0,q1_q17_dr25_tce,5767.0,157.0,-160.0,4.438,0.07,-0.128,1.0,0.251,-0.111,287.24118,39.33276,12.57,1,0,0,0,0,0,0,0,0,0,0,1,0.0,Low,0,0,0,1,1,Low
1910,5546761,K02160.02,Kepler-1 b,CANDIDATE,CANDIDATE,0.334,0,0,0,0,15.40877383,3.5205e-05,-3.5205e-05,139.4831786,0.00413,-0.00413,0.537,0.193,-0.207,3.49,0.142,-0.142,421.1,20.75,-20.75,2.39,0.52,-0.3,878.0,141.6,72.83,-40.26,23.0,1.0,q1_q17_dr25_tce,5767.0,157.0,-160.0,4.438,0.07,-0.128,1.0,0.251,-0.111,295.48123,40.731979,14.874,0,0,0,0,0,0,0,0,0,0,0,0,0.0,Low,0,0,0,0,0,Low
7166,11656928,K06242.01,Kepler-1 b,CANDIDATE,CANDIDATE,0.334,0,0,0,0,212.43503674,3.5205e-05,-3.5205e-05,239.8349648,0.00413,-0.00413,0.537,0.193,-0.207,4.26,0.142,-0.142,421.1,20.75,-20.75,2.39,0.52,-0.3,878.0,141.6,72.83,-40.26,23.0,4.0,q1_q16_tce,5767.0,157.0,-160.0,4.438,0.07,-0.128,1.0,0.251,-0.111,289.03772,49.712601,12.914,1,0,0,0,0,0,0,0,0,0,0,1,0.0,Low,0,0,0,1,1,Low
7066,10198662,K06216.02,Kepler-1 b,CANDIDATE,CANDIDATE,0.334,0,0,0,0,46.07931317,3.5205e-05,-3.5205e-05,159.6728081,0.00413,-0.00413,0.537,0.193,-0.207,1.87,0.142,-0.142,421.1,20.75,-20.75,2.39,0.52,-0.3,878.0,141.6,72.83,-40.26,23.0,5.0,q1_q16_tce,5767.0,157.0,-160.0,4.438,0.07,-0.128,1.0,0.251,-0.111,287.78461,47.228043,12.655,0,0,0,0,0,0,0,0,0,0,0,0,0.0,Low,0,0,0,0,0,Low
7090,10414727,K06224.01,Kepler-1 b,CANDIDATE,CANDIDATE,0.334,0,0,0,0,91.20573037,3.5205e-05,-3.5205e-05,210.1533987,0.00413,-0.00413,0.537,0.193,-0.207,4.17,0.142,-0.142,421.1,20.75,-20.75,2.39,0.52,-0.3,878.0,141.6,72.83,-40.26,23.0,2.0,q1_q16_tce,5767.0,157.0,-160.0,4.438,0.07,-0.128,1.0,0.251,-0.111,295.68192,47.591881,12.962,0,0,0,0,0,0,0,0,0,0,0,0,0.0,Low,0,0,0,0,0,Low
7149,11462969,K06239.01,Kepler-1 b,CANDIDATE,CANDIDATE,0.334,0,0,0,0,406.496216,0.007638,-0.007638,325.9025,0.0174,-0.0174,0.5052,0.0318,-0.4452,3.495,0.607,-0.607,380.2,58.6,-58.6,1.77,0.76,-0.15,236.0,0.73,0.93,-0.18,6.9,1.0,q1_q16_tce,5847.0,151.0,-159.0,4.525,0.035,-0.303,0.884,0.383,-0.073,295.56683,49.378029,13.893,1,0,0,0,0,0,0,0,0,0,0,1,0.0,Low,0,0,0,1,2,Low
1228,5526717,K01677.02,Kepler-1 b,CANDIDATE,CANDIDATE,0.334,0,0,0,0,8.51170088,3.5205e-05,-3.5205e-05,131.7557438,0.00413,-0.00413,0.537,0.193,-0.207,2.9,0.142,-0.142,421.1,20.75,-20.75,2.39,0.52,-0.3,878.0,141.6,72.83,-40.26,23.0,1.0,q1_q17_dr25_tce,5767.0,157.0,-160.0,4.438,0.07,-0.128,1.0,0.251,-0.111,289.67935,40.700459,14.279,0,0,0,0,0,0,0,0,0,0,0,0,0.0,Low,0,0,0,0,0,Low
965,7363829,K01356.01,Kepler-1 b,CANDIDATE,CANDIDATE,0.334,0,0,0,0,384.02570682,3.5205e-05,-3.5205e-05,335.816169,0.00413,-0.00413,0.537,0.193,-0.207,14.56,0.142,-0.142,421.1,20.75,-20.75,2.39,0.52,-0.3,878.0,141.6,72.83,-40.26,23.0,1.0,q1_q17_dr25_tce,5767.0,157.0,-160.0,4.438,0.07,-0.128,1.0,0.251,-0.111,292.1199,42.931679,15.206,1,1,0,0,0,0,0,0,0,0,0,1,0.0,Low,0,0,0,1,1,Low
7009,4255944,K06111.01,Kepler-1 b,CANDIDATE,CANDIDATE,0.334,0,0,0,0,228.65412,0.006342,-0.006342,282.7548,0.0242,-0.0242,0.225,0.2337,-0.2248,2.487,0.5,-0.5,179.1,36.1,-36.1,3.63,1.27,-1.17,521.0,17.44,18.26,-10.78,6.6,3.0,q1_q16_tce,6845.0,203.0,-309.0,3.849,0.251,-0.213,2.674,0.935,-0.862,289.84818,39.331463,12.914,1,0,0,0,0,0,0,0,0,1,0,1,0.0,Low,0,0,0,1,2,Low
6899,8494783,K06180.01,Kepler-1 b,CANDIDATE,CANDIDATE,0.334,0,0,0,0,28.201998,3.5205e-05,-3.5205e-05,146.9903597,0.00413,-0.00413,0.537,0.193,-0.207,3.86,0.142,-0.142,421.1,20.75,-20.75,2.39,0.52,-0.3,878.0,141.6,72.83,-40.26,23.0,6.0,q1_q16_tce,5767.0,157.0,-160.0,4.438,0.07,-0.128,1.0,0.251,-0.111,291.63733,44.56422,12.044,0,0,0,0,0,0,0,0,0,0,0,0,0.0,Low,0,0,0,0,0,Low
6835,12350136,K05966.01,Kepler-1 b,CANDIDATE,CANDIDATE,0.334,0,0,0,0,478.79185021,3.5205e-05,-3.5205e-05,184.4598838,0.00413,-0.00413,0.537,0.193,-0.207,4.06,0.142,-0.142,421.1,20.75,-20.75,2.39,0.52,-0.3,878.0,141.6,72.83,-40.26,23.0,1.0,q1_q16_tce,5767.0,157.0,-160.0,4.438,0.07,-0.128,1.0,0.251,-0.111,287.35873,51.158321,14.63,1,0,0,0,0,0,0,0,0,0,0,1,0.0,Low,0,0,0,1,1,Low
6758,7458743,K05393.01,Kepler-1 b,CANDIDATE,CANDIDATE,0.334,0,0,0,0,248.421771,0.005093,-0.005093,230.379,0.0125,-0.0125,0.7838,0.0168,-0.5609,4.187,0.559,-0.559,704.0,98.7,-98.7,18.92,2.54,-3.53,579.0,26.64,10.58,-10.72,8.8,1.0,q1_q16_tce,4895.0,102.0,-124.0,3.008,0.03,-0.032,6.428,0.863,-1.198,295.64517,43.065338,13.586,1,0,0,0,0,0,0,0,1,1,0,1,0.0,Low,0,1,0,1,5,High
6357,7690782,K05413.01,Kepler-1 b,CANDIDATE,CANDIDATE,0.334,0,0,0,0,428.379308,0.009399,-0.009399,522.3881,0.0118,-0.0118,0.7102,0.0274,-0.5127,4.066,0.465,-0.465,386.6,55.0,-55.0,2.0,0.96,-0.32,236.0,0.74,1.08,-0.27,7.4,1.0,q1_q16_tce,5574.0,172.0,-138.0,4.381,0.152,-0.298,0.953,0.454,-0.155,294.51031,43.322319,14.105,1,0,0,0,0,0,0,0,0,0,0,1,0.0,Low,0,0,0,1,2,Low
6391,8571421,K05546.01,Kepler-1 b,CANDIDATE,CANDIDATE,0.334,0,0,0,0,514.271499,0.006193,-0.006193,416.76798,0.00884,-0.00884,0.2032,0.2446,-0.2031,3.46,0.281,-0.281,688.9,88.3,-88.3,3.01,1.32,-0.36,258.0,1.04,1.33,-0.34,9.0,1.0,q1_q16_tce,6343.0,153.0,-229.0,4.411,0.058,-0.274,1.137,0.498,-0.135,295.97278,44.645088,14.848,1,0,0,0,0,0,0,0,0,0,0,1,0.0,Low,0,0,0,1,2,Low
7933,8953278,K07111.01,Kepler-1 b,CANDIDATE,CANDIDATE,0.334,0,0,0,0,23.59919017,3.5205e-05,-3.5205e-05,134.2797605,0.00413,-0.00413,0.537,0.193,-0.207,2.05,0.142,-0.142,421.1,20.75,-20.75,2.39,0.52,-0.3,878.0,141.6,72.83,-40.26,23.0,1.0,q1_q17_dr24_tce,5767.0,157.0,-160.0,4.438,0.07,-0.128,1.0,0.251,-0.111,291.92896,45.231838,15.365,0,0,0,0,0,0,0,0,0,0,0,0,0.0,Low,0,0,0,0,0,Low
7170,11656928,K06242.02,Kepler-1 b,CANDIDATE,CANDIDATE,0.334,0,0,0,0,76.83994597,3.5205e-05,-3.5205e-05,171.7707187,0.00413,-0.00413,0.537,0.193,-0.207,3.11,0.142,-0.142,421.1,20.75,-20.75,2.39,0.52,-0.3,878.0,141.6,72.83,-40.26,23.0,5.0,q1_q16_tce,5767.0,157.0,-160.0,4.438,0.07,-0.128,1.0,0.251,-0.111,289.03772,49.712601,12.914,0,0,0,0,0,0,0,0,0,0,0,0,0.0,Low,0,0,0,0,0,Low
8264,10079420,K07607.01,Kepler-1 b,CANDIDATE,CANDIDATE,0.334,0,0,0,0,54.54312996,3.5205e-05,-3.5205e-05,169.8591463,0.00413,-0.00413,0.537,0.193,-0.207,7.03,0.142,-0.142,421.1,20.75,-20.75,2.39,0.52,-0.3,878.0,141.6,72.83,-40.26,23.0,4.0,q1_q17_dr24_tce,5767.0,157.0,-160.0,4.438,0.07,-0.128,1.0,0.251,-0.111,293.54141,47.007912,11.642,0,0,0,0,0,0,0,0,0,0,0,0,0.0,Low,0,0,0,0,0,Low
8173,9150870,K07136.01,Kepler-1 b,CANDIDATE,CANDIDATE,0.334,0,0,0,0,441.17369,0.04754,-0.04754,374.0092,0.0473,-0.0473,0.3151,0.1376,-0.315,14.82,2.9,-2.9,702.0,110.0,-110.0,2.27,0.86,-0.17,217.0,0.52,0.6,-0.12,11.5,1.0,q1_q17_dr24_tce,5610.0,171.0,-162.0,4.551,0.027,-0.027,0.858,0.326,-0.064,290.30801,45.598412,15.632,1,1,0,0,0,0,0,0,0,0,0,1,0.0,Low,0,0,0,1,1,Low
